"方向","代码","名称","订单价格","订单数量","订单金额","交易状态","已成交@均价","下单时间","类型","期限","盘前竞价","时段","触发价","允许开仓","市场","币种","订单来源","佣金","平台使用费","交收费","印花税","交易费","证监会征费","财汇局征费","证监会规费","交易活动费","综合审计跟踪监管费","合计费用"
"卖出","GLD","黄金ETF-SPDR","399.35","4","1,597.40","已撤单","0@0.00","2026/09/21 12:11:59 (美东)","限价单","当日有效","","盘前+盘中+盘后","","","美股","USD","","","","","","","","","","","",""
"买入","SQQQ","三倍做空纳指ETF-ProShares","35.35","50","1,767.50","全部成交","50@35.35","2026/09/21 11:22:05 (美东)","限价单","当日有效","","盘前+盘中+盘后","","","美股","USD","","0.99","1","0.15","","","","","","","0","2.14"
"买入","SQQQ","三倍做空纳指ETF-ProShares","35.50","50","1,775.00","全部成交","50@35.50","2026/09/21 10:31:26 (美东)","限价单","当日有效","","盘前+盘中+盘后","","","美股","USD","","0.99","1","0.15","","","","","","","0","2.14"
"买入","SQQQ","三倍做空纳指ETF-ProShares","35.80","50","1,790.00","全部成交","50@35.80","2026/09/21 10:05:11 (美东)","限价单","当日有效","","盘前+盘中+盘后","","","美股","USD","","0.99","1","0.15","","","","","","","0","2.14"
"买入","SQQQ","三倍做空纳指ETF-ProShares","36.50","50","1,825.00","全部成交","50@36.50","2026/09/21 04:55:46 (美东)","限价单","当日有效","","盘前+盘中+盘后","","","美股","USD","","0.99","1","0.15","","","","","","","0","2.14"
"买入","SQQQ","三倍做空纳指ETF-ProShares","37.80","50","1,890.00","全部成交","50@37.80","2026/09/18 03:00:23 (美东)","限价单","当日有效","","全时段","","","美股","USD","","0.99","1","0.15","","","","","","","0","2.14"
"买入","SQQQ","三倍做空纳指ETF-ProShares","38.68","100","3,868.00","全部成交","100@38.68","2026/09/17 10:16:20 (美东)","限价单","当日有效","","盘前+盘中+盘后","","","美股","USD","","0.99","1","0.3","","","","","","","0","2.29"
"卖出","IQ","爱奇艺","1.15","500","575.00","全部成交","500@1.15","2026/09/17 10:08:00 (美东)","限价单","当日有效","","盘前+盘中+盘后","","","美股","USD","","2.45","2.5","1.5","","","","","0.01","0.1","0","6.56"
"买入","SQQQ","三倍做空纳指ETF-ProShares","39.30","50","1,965.00","全部成交","50@39.30","2026/09/17 04:55:17 (美东)","限价单","当日有效","","盘前+盘中+盘后","","","美股","USD","","0.99","1","0.15","","","","","","","0","2.14"
"卖出","IQ","爱奇艺","1.10","500","550.00","已撤单","0@0.00","2026/09/16 11:31:47 (美东)","限价单","当日有效","","盘前+盘中+盘后","","","美股","USD","","","","","","","","","","","",""
"买入","SQQQ","三倍做空纳指ETF-ProShares","39.60","50","1,980.00","全部成交","50@39.60","2026/09/16 09:59:47 (美东)","限价单","当日有效","","盘前+盘中+盘后","","","美股","USD","","0.99","1","0.15","","","","","","","0","2.14"
"卖出","IQ","爱奇艺","1.02","1,000","1,020.00","全部成交","1,000@1.02","2026/09/14 11:37:34 (美东)","限价单","当日有效","","盘前+盘中+盘后","","","美股","USD","","4.9","5","3","","","","","0.02","0.2","0","13.12"
"卖出","SQQQ","三倍做空纳指ETF-ProShares","38.42","50","1,921.00","全部成交","50@38.42","2026/09/03 17:16:18 (美东)","限价单","当日有效","","盘前+盘中+盘后","","","美股","USD","","0.99","1","0.15","","","","","0.05","0.02","0","2.21"
"买入","SQQQ","三倍做空纳指ETF-ProShares","38.38","50","1,919.00","全部成交","50@38.38","2026/09/03 11:27:20 (美东)","限价单","当日有效","","盘前+盘中+盘后","","","美股","USD","","0.99","1","0.15","","","","","","","0","2.14"
"买入","IQ","爱奇艺","0.911","500","455.50","全部成交","500@0.911","2026/09/02 06:58:11 (美东)","限价单","当日有效","","盘前+盘中+盘后","","","美股","USD","","2.28","2.28","1.5","","","","","","","0","6.06"
"买入","IQ","爱奇艺","0.98","500","490.00","全部成交","500@0.98","2026/08/27 09:46:27 (美东)","限价单","当日有效","","盘前+盘中+盘后","","","美股","USD","","2.45","2.45","1.5","","","","","","","0","6.4"
"买入","IQ","爱奇艺","1.05","500","525.00","全部成交","500@1.05","2026/08/20 10:26:14 (美东)","限价单","当日有效","","盘前+盘中+盘后","","","美股","USD","","2.45","2.5","1.5","","","","","","","0","6.45"
"买入","IQ","爱奇艺","1.08","500","540.00","已撤单","0@0.00","2026/08/19 10:23:22 (美东)","限价单","当日有效","","盘前+盘中+盘后","","","美股","USD","","","","","","","","","","","",""
"买入","SQQQ","三倍做空纳指ETF-ProShares","35.60","25","890.00","已撤单","0@0.00","2026/08/13 10:34:28 (美东)","限价单","当日有效","","盘前+盘中+盘后","","","美股","USD","","","","","","","","","","","",""
"买入","SQQQ","三倍做空纳指ETF-ProShares","37.22","30","1,116.60","全部成交","30@37.22","2026/08/04 23:12:20 (美东)","限价单","当日有效","","夜盘","","","美股","USD","","0.99","1","0.09","","","","","","","0","2.08"
"买入","SQQQ","三倍做空纳指ETF-ProShares","37.25","30","1,117.50","已撤单","0@0.00","2026/08/04 23:10:40 (美东)","限价单","当日有效","","全时段","","","美股","USD","","","","","","","","","","","",""
"买入","SQQQ","三倍做空纳指ETF-ProShares","38.00","20","760.00","已撤单","0@0.00","2026/08/04 11:41:47 (美东)","限价单","当日有效","","盘前+盘中+盘后","","","美股","USD","","","","","","","","","","","",""
"买入","SQQQ","三倍做空纳指ETF-ProShares","38.58","20","771.60","全部成交","20@38.58","2026/08/04 10:29:58 (美东)","限价单","当日有效","","盘前+盘中+盘后","","","美股","USD","","0.99","1","0.06","","","","","","","0","2.05"
"买入","SQQQ","三倍做空纳指ETF-ProShares","38.85","20","777.00","已撤单","0@0.00","2026/08/04 09:51:37 (美东)","限价单","当日有效","","盘前+盘中+盘后","","","美股","USD","","","","","","","","","","","",""
"买入","SQQQ","三倍做空纳指ETF-ProShares","39.02","20","780.40","全部成交","20@39.02","2026/08/04 09:47:13 (美东)","限价单","当日有效","","盘前+盘中+盘后","","","美股","USD","","0.99","1","0.06","","","","","","","0","2.05"
"买入","SQQQ","三倍做空纳指ETF-ProShares","39.25","10","392.50","全部成交","10@39.25","2026/08/04 09:35:52 (美东)","限价单","当日有效","","盘前+盘中+盘后","","","美股","USD","","0.99","1","0.03","","","","","","","0","2.02"
"买入","SQQQ","三倍做空纳指ETF-ProShares","39.38","10","393.80","全部成交","10@39.38","2026/08/04 09:34:35 (美东)","限价单","当日有效","","盘前+盘中+盘后","","","美股","USD","","0.99","1","0.03","","","","","","","0","2.02"
"买入","SQQQ","三倍做空纳指ETF-ProShares","42.78","10","427.80","全部成交","10@42.78","2026/08/02 21:28:32 (美东)","限价单","当日有效","","全时段","","","美股","USD","","0.99","1","0.03","","","","","","","0","2.02"
"买入","SQQQ","三倍做空纳指ETF-ProShares","38.00","30","1,140.00","全部成交","30@38.00","2026/07/09 13:11:15 (美东)","限价单","当日有效","","盘前+盘中+盘后","","","美股","USD","","0.99","1","0.09","","","","","","","0","2.08"
"买入","SQQQ","三倍做空纳指ETF-ProShares","38.18","30","1,145.40","全部成交","30@38.18","2026/07/09 13:05:35 (美东)","限价单","当日有效","","盘前+盘中+盘后","","","美股","USD","","0.99","1","0.09","","","","","","","0","2.08"
"买入","SQQQ","三倍做空纳指ETF-ProShares","38.28","20","765.60","全部成交","20@38.28","2026/07/09 12:59:46 (美东)","限价单","当日有效","","盘前+盘中+盘后","","","美股","USD","","0.99","1","0.06","","","","","","","0","2.05"
"卖出","IQ","爱奇艺","1.50","1,000","1,500.00","已撤单","0@0.00","2026/04/16 22:23:34 (美东)","限价单","撤单前有效","","全时段","","","美股","USD","","","","","","","","","","","",""
"买入","SQQQ","三倍做空纳指ETF-ProShares","58.58","30","1,757.40","已撤单","0@0.00","2026/04/16 02:09:31 (美东)","限价单","当日有效","","全时段","","","美股","USD","","","","","","","","","","","",""
"卖出","IQ","爱奇艺","1.47","1,000","1,470.00","已撤单","0@0.00","2026/04/16 00:59:16 (美东)","限价单","当日有效","","全时段","","","美股","USD","","","","","","","","","","","",""
"卖出","ADBE","Adobe","245.40","5","1,227.00","全部成交","5@245.40","2026/04/15 11:33:44 (美东)","限价单","当日有效","","盘前+盘中+盘后","","","美股","USD","","0.99","1","0.02","","","","","0.03","0.01","","2.05"
"卖出","IQ","爱奇艺","1.45","1,000","1,450.00","已撤单","0@0.00","2026/04/15 10:07:27 (美东)","限价单","当日有效","","盘前+盘中+盘后","","","美股","USD","","","","","","","","","","","",""
"卖出","ADBE","Adobe","245.60","5","1,228.00","已撤单","0@0.00","2026/04/15 09:39:53 (美东)","限价单","当日有效","","盘前+盘中+盘后","","","美股","USD","","","","","","","","","","","",""
"卖出","IQ","爱奇艺","1.45","500","725.00","已撤单","0@0.00","2026/04/14 12:03:42 (美东)","限价单","当日有效","","盘前+盘中+盘后","","","美股","USD","","","","","","","","","","","",""
"买入","SQQQ","三倍做空纳指ETF-ProShares","62.83","20","1,256.60","全部成交","20@62.83","2026/04/14 11:54:18 (美东)","限价单","当日有效","","盘前+盘中+盘后","","","美股","USD","","0.99","1","0.06","","","","","","","","2.05"
"买入","SQQQ","三倍做空纳指ETF-ProShares","63.16","25","1,579.00","全部成交","25@63.16","2026/04/14 11:32:36 (美东)","限价单","当日有效","","盘前+盘中+盘后","","","美股","USD","","0.99","1","0.08","","","","","","","","2.07"
"卖出","IQ","爱奇艺","1.42","1,000","1,420.00","全部成交","1,000@1.42","2026/04/14 11:16:19 (美东)","限价单","当日有效","","盘前+盘中+盘后","","","美股","USD","","4.9","5","3","","","","","0.03","0.2","","13.13"
"买入","SQQQ","三倍做空纳指ETF-ProShares","63.46","25","1,586.50","全部成交","25@63.46","2026/04/14 10:59:30 (美东)","限价单","当日有效","","盘前+盘中+盘后","","","美股","USD","","0.99","1","0.08","","","","","","","","2.07"
"买入","SQQQ","三倍做空纳指ETF-ProShares","63.66","25","1,591.50","全部成交","25@63.66","2026/04/14 10:17:30 (美东)","限价单","当日有效","","盘前+盘中+盘后","","","美股","USD","","0.99","1","0.08","","","","","","","","2.07"
"买入","SQQQ","三倍做空纳指ETF-ProShares","63.78","25","1,594.50","全部成交","25@63.78","2026/04/14 09:52:24 (美东)","限价单","当日有效","","盘前+盘中+盘后","","","美股","USD","","0.99","1","0.08","","","","","","","","2.07"
"买入","SQQQ","三倍做空纳指ETF-ProShares","63.88","25","1,597.00","已撤单","0@0.00","2026/04/14 09:36:09 (美东)","限价单","当日有效","","盘前+盘中+盘后","","","美股","USD","","","","","","","","","","","",""
"买入","SQQQ","三倍做空纳指ETF-ProShares","64.30","25","1,607.50","全部成交","25@64.30","2026/04/14 09:31:47 (美东)","限价单","当日有效","","盘前+盘中+盘后","","","美股","USD","","0.99","1","0.08","","","","","","","","2.07"
"买入","SQQQ","三倍做空纳指ETF-ProShares","64.58","25","1,614.50","全部成交","25@64.58","2026/04/14 05:00:41 (美东)","限价单","当日有效","","盘前+盘中+盘后","","","美股","USD","","0.99","1","0.08","","","","","","","","2.07"
"买入","SQQQ","三倍做空纳指ETF-ProShares","64.75","15","971.25","全部成交","15@64.75","2026/04/14 04:29:10 (美东)","限价单","当日有效","","盘前+盘中+盘后","","","美股","USD","","0.99","1","0.05","","","","","","","","2.04"
"买入","SQQQ","三倍做空纳指ETF-ProShares","65.50","25","1,637.50","全部成交","25@65.50","2026/04/13 15:56:41 (美东)","限价单","当日有效","","盘前+盘中+盘后","","","美股","USD","","0.99","1","0.08","","","","","","","","2.07"
"卖出","ADBE","Adobe","234.20","5","1,171.00","全部成交","5@234.20","2026/04/13 10:07:21 (美东)","限价单","当日有效","","盘前+盘中+盘后","","","美股","USD","","0.99","1","0.02","","","","","0.02","0.01","","2.04"
"买入","SQQQ","三倍做空纳指ETF-ProShares","67.10","20","1,342.00","全部成交","20@67.10","2026/04/13 10:00:54 (美东)","限价单","当日有效","","盘前+盘中+盘后","","","美股","USD","","0.99","1","0.06","","","","","","","","2.05"
"卖出","ADBE","Adobe","227.00","10","2,270.00","全部成交","10@227.00","2026/04/10 10:12:27 (美东)","限价单","当日有效","","盘前+盘中+盘后","","","美股","USD","","0.99","1","0.03","","","","","0.05","0.01","","2.08"
"买入","ADBE","Adobe","224.60","15","3,369.00","已撤单","0@0.00","2026/04/10 09:51:47 (美东)","限价单","当日有效","","盘前+盘中+盘后","","","美股","USD","","","","","","","","","","","",""
"买入","ADBE","Adobe","225.40","10","2,254.00","全部成交","10@225.40","2026/04/10 09:50:53 (美东)","限价单","当日有效","","盘前+盘中+盘后","","","美股","USD","","0.99","1","0.03","","","","","","","","2.02"
"卖出","SQQQ","三倍做空纳指ETF-ProShares","68.04","80","5,443.20","全部成交","80@68.04","2026/04/09 17:57:57 (美东)","限价单","当日有效","","盘前+盘中+盘后","","","美股","USD","","0.99","1","0.24","","","","","0.12","0.02","","2.37"
"卖出","ADBE","Adobe","229.88","40","9,195.20","全部成交","40@229.88","2026/04/09 17:47:13 (美东)","限价单","当日有效","","盘前+盘中+盘后","","","美股","USD","","0.99","1","0.12","","","","","0.2","0.02","","2.33"
"卖出","ADBE","Adobe","229.90","40","9,196.00","已撤单","0@0.00","2026/04/09 17:34:39 (美东)","限价单","当日有效","","盘前+盘中+盘后","","","美股","USD","","","","","","","","","","","",""
"买入","ADBE","Adobe","227.78","20","4,555.60","全部成交","20@227.78","2026/04/09 14:22:18 (美东)","限价单","当日有效","","盘前+盘中+盘后","","","美股","USD","","0.99","1","0.06","","","","","","","","2.05"
"买入","ADBE","Adobe","227.68","20","4,553.60","已撤单","0@0.00","2026/04/09 14:04:22 (美东)","限价单","当日有效","","盘前+盘中+盘后","","","美股","USD","","","","","","","","","","","",""
"卖出","SQQQ","三倍做空纳指ETF-ProShares","70.30","40","2,812.00","已撤单","0@0.00","2026/04/09 10:16:39 (美东)","限价单","当日有效","","盘前+盘中+盘后","","","美股","USD","","","","","","","","","","","",""
"买入","ADBE","Adobe","228.28","15","3,424.20","全部成交","15@228.28","2026/04/09 09:36:03 (美东)","限价单","当日有效","","盘前+盘中+盘后","","","美股","USD","","0.99","1","0.05","","","","","","","","2.04"
"买入","ADBE","Adobe","230.10","5","1,150.50","全部成交","5@230.10","2026/04/09 09:35:25 (美东)","限价单","当日有效","","盘前+盘中+盘后","","","美股","USD","","0.99","1","0.02","","","","","","","","2.01"
"买入","ADBE","Adobe","231.50","5","1,157.50","已撤单","0@0.00","2026/04/09 09:33:27 (美东)","限价单","当日有效","","盘前+盘中+盘后","","","美股","USD","","","","","","","","","","","",""
"卖出","SQQQ","三倍做空纳指ETF-ProShares","70.08","30","2,102.40","全部成交","30@70.08","2026/04/09 03:35:27 (美东)","限价单","撤单前有效","","全时段","","","美股","USD","","0.99","1","0.09","","","","","0.05","0.01","","2.14"
"卖出","SQQQ","三倍做空纳指ETF-ProShares","70.28","30","2,108.40","全部成交","30@70.28","2026/04/09 00:40:19 (美东)","限价单","撤单前有效","","全时段","","","美股","USD","","0.99","1","0.09","","","","","0.05","0.01","","2.14"
"卖出","SQQQ","三倍做空纳指ETF-ProShares","71.10","150","10,665.00","已撤单","0@0.00","2026/04/08 11:31:08 (美东)","限价单","当日有效","","盘前+盘中+盘后","","","美股","USD","","","","","","","","","","","",""
"卖出","IQ","爱奇艺","1.42","1,000","1,420.00","已撤单","0@0.00","2026/04/08 09:31:28 (美东)","限价单","当日有效","","盘前+盘中+盘后","","","美股","USD","","","","","","","","","","","",""
"买入","SQQQ","三倍做空纳指ETF-ProShares","67.80","60","4,068.00","全部成交","60@67.80","2026/04/08 08:03:30 (美东)","限价单","当日有效","","盘前+盘中+盘后","","","美股","USD","","0.99","1","0.18","","","","","","","","2.17"
"买入","SQQQ","三倍做空纳指ETF-ProShares","68.25","40","2,730.00","全部成交","40@68.25","2026/04/08 01:52:21 (美东)","限价单","当日有效","","全时段","","","美股","USD","","0.99","1","0.12","","","","","","","","2.11"
"买入","SQQQ","三倍做空纳指ETF-ProShares","68.58","40","2,743.20","全部成交","40@68.58","2026/04/08 01:06:38 (美东)","限价单","当日有效","","全时段","","","美股","USD","","0.99","1","0.12","","","","","","","","2.11"
"买入","SQQQ","三倍做空纳指ETF-ProShares","69.01","20","1,380.20","已撤单","0@0.00","2026/04/07 22:02:55 (美东)","限价单","当日有效","","全时段","","","美股","USD","","","","","","","","","","","",""
"买入","SQQQ","三倍做空纳指ETF-ProShares","69.08","20","1,381.60","全部成交","20@69.08","2026/04/07 21:09:04 (美东)","限价单","当日有效","","全时段","","","美股","USD","","0.99","1","0.06","","","","","","","","2.05"
"买入","SQQQ","三倍做空纳指ETF-ProShares","69.30","20","1,386.00","全部成交","20@69.30","2026/04/07 20:14:12 (美东)","限价单","当日有效","","全时段","","","美股","USD","","0.99","1","0.06","","","","","","","","2.05"
"卖出","IQ","爱奇艺","1.42","1,000","1,420.00","已撤单","0@0.00","2026/04/06 09:32:09 (美东)","限价单","当日有效","","盘前+盘中+盘后","","","美股","USD","","","","","","","","","","","",""
"卖出","ADBE","Adobe","245.00","5","1,225.00","已撤单","0@0.00","2026/04/02 10:38:09 (美东)","限价单","当日有效","","盘前+盘中+盘后","","","美股","USD","","","","","","","","","","","",""
"卖出","IQ","爱奇艺","1.42","1,000","1,420.00","已撤单","0@0.00","2026/04/02 09:35:15 (美东)","限价单","当日有效","","盘前+盘中+盘后","","","美股","USD","","","","","","","","","","","",""
"卖出","ADBE","Adobe","240.53","10","2,405.30","全部成交","10@240.53","2026/04/01 21:29:48 (美东)","限价单","当日有效","","全时段","","","美股","USD","","0.99","1","0.03","","","","","","0.01","","2.03"
"买入","ADBE","Adobe","235.20","10","2,352.00","全部成交","10@235.20","2026/04/01 09:49:11 (美东)","限价单","当日有效","","全时段","","","美股","USD","","0.99","1","0.03","","","","","","","","2.02"
"卖出","IQ","爱奇艺","1.42","1,000","1,420.00","已撤单","0@0.00","2026/04/01 09:45:08 (美东)","限价单","当日有效","","全时段","","","美股","USD","","","","","","","","","","","",""
"买入","ADBE","Adobe","236.70","10","2,367.00","全部成交","10@236.70","2026/04/01 09:41:21 (美东)","限价单","当日有效","","全时段","","","美股","USD","","0.99","1","0.03","","","","","","","","2.02"
"买入","03700","映宇宙","0.58","100,000","58,000.00","下单失败","0@0.00","2026/04/01 09:32:47 (香港)","限价单","当日有效","允许","","","","港股","HKD","","","","","","","","","","","",""
"买入","03700","映宇宙","0.56","100,000","56,000.00","下单失败","0@0.00","2026/04/01 09:30:07 (香港)","限价单","当日有效","允许","","","","港股","HKD","","","","","","","","","","","",""
"卖出","GLD","黄金ETF-SPDR","431.00","4","1,724.00","全部成交","4@431.00","2026/03/31 19:53:44 (美东)","限价单","当日有效","","盘前+盘中+盘后","","","美股","USD","","0.99","1","0.01","","","","","","0.01","","2.01"
"买入","IQ","爱奇艺","1.18","1,000","1,180.00","已撤单","0@0.00","2026/03/27 11:56:25 (美东)","限价单","当日有效","","盘前+盘中+盘后","","","美股","USD","","","","","","","","","","","",""
"卖出","GLD","黄金ETF-SPDR","422.20","7","2,955.40","全部成交","7@422.20","2026/03/24 21:45:00 (美东)","限价单","当日有效","","全时段","","","美股","USD","","0.99","1","0.02","","","","","","0.01","","2.02"
"卖出","GLD","黄金ETF-SPDR","420.18","10","4,201.80","全部成交","10@420.18","2026/03/24 20:40:11 (美东)","限价单","当日有效","","全时段","","","美股","USD","","0.99","1","0.03","","","","","","0.01","","2.03"
"卖出","GLD","黄金ETF-SPDR","418.00","25","10,450.00","全部成交","25@418.00","2026/03/24 04:11:10 (美东)","限价单","当日有效","","盘前+盘中+盘后","","","美股","USD","","0.99","1","0.08","","","","","","0.01","","2.08"
"卖出","GLD","黄金ETF-SPDR","418.00","25","10,450.00","已撤单","0@0.00","2026/03/23 10:39:46 (美东)","限价单","当日有效","","盘前+盘中+盘后","","","美股","USD","","","","","","","","","","","",""
"买入","GLD","黄金ETF-SPDR","378.00","10","3,780.00","全部成交","10@378.00","2026/03/23 03:13:04 (美东)","限价单","当日有效","","夜盘","","","美股","USD","","0.99","1","0.03","","","","","","","","2.02"
"买入","GLD","黄金ETF-SPDR","381.20","5","1,906.00","全部成交","5@381.20","2026/03/23 03:06:55 (美东)","限价单","当日有效","","夜盘","","","美股","USD","","0.99","1","0.02","","","","","","","","2.01"
"买入","GLD","黄金ETF-SPDR","382.00","5","1,910.00","已撤单","0@0.00","2026/03/23 02:47:51 (美东)","限价单","当日有效","","夜盘","","","美股","USD","","","","","","","","","","","",""
"买入","GLD","黄金ETF-SPDR","384.00","5","1,920.00","已撤单","0@0.00","2026/03/23 02:45:20 (美东)","限价单","当日有效","","夜盘","","","美股","USD","","","","","","","","","","","",""
"买入","GLD","黄金ETF-SPDR","385.50","5","1,927.50","全部成交","5@385.50","2026/03/23 02:43:42 (美东)","限价单","当日有效","","夜盘","","","美股","USD","","0.99","1","0.02","","","","","","","","2.01"
"买入","GLD","黄金ETF-SPDR","387.20","5","1,936.00","已撤单","0@0.00","2026/03/23 02:38:09 (美东)","限价单","当日有效","","全时段","","","美股","USD","","","","","","","","","","","",""
"买入","GLD","黄金ETF-SPDR","388.40","5","1,942.00","全部成交","5@388.40","2026/03/23 02:31:57 (美东)","限价单","当日有效","","全时段","","","美股","USD","","0.99","1","0.02","","","","","","","","2.01"
"买入","GLD","黄金ETF-SPDR","389.60","5","1,948.00","全部成交","5@389.57","2026/03/23 02:30:08 (美东)","限价单","当日有效","","全时段","","","美股","USD","","0.99","1","0.02","","","","","","","","2.01"
"买入","GLD","黄金ETF-SPDR","389.60","55","21,428.00","下单失败","0@0.00","2026/03/23 02:29:59 (美东)","限价单","当日有效","","全时段","","","美股","USD","","","","","","","","","","","",""
"买入","GLD","黄金ETF-SPDR","390.00","5","1,950.00","已撤单","0@0.00","2026/03/23 02:29:34 (美东)","限价单","当日有效","","全时段","","","美股","USD","","","","","","","","","","","",""
"买入","GLD","黄金ETF-SPDR","392.00","5","1,960.00","已撤单","0@0.00","2026/03/23 02:07:16 (美东)","限价单","当日有效","","全时段","","","美股","USD","","","","","","","","","","","",""
"买入","GLD","黄金ETF-SPDR","416.70","5","2,083.50","已撤单","0@0.00","2026/03/20 11:27:36 (美东)","限价单","当日有效","","盘前+盘中+盘后","","","美股","USD","","","","","","","","","","","",""
"买入","GLD","黄金ETF-SPDR","417.60","5","2,088.00","已撤单","0@0.00","2026/03/20 10:25:34 (美东)","限价单","当日有效","","盘前+盘中+盘后","","","美股","USD","","","","","","","","","","","",""
"买入","GLD","黄金ETF-SPDR","420.80","5","2,104.00","全部成交","5@420.80","2026/03/20 10:13:48 (美东)","限价单","当日有效","","盘前+盘中+盘后","","","美股","USD","","0.99","1","0.02","","","","","","","","2.01"
"卖出","GLD","黄金ETF-SPDR","434.70","15","6,520.50","全部成交","15@434.70","2026/03/20 04:20:16 (美东)","限价单","当日有效","","盘前+盘中+盘后","","","美股","USD","","0.99","1","0.05","","","","","","0.01","","2.05"
"卖出","GLD","黄金ETF-SPDR","433.50","18","7,803.00","全部成交","18@433.50","2026/03/20 04:11:57 (美东)","限价单","当日有效","","盘前+盘中+盘后","","","美股","USD","","0.99","1","0.05","","","","","","0.01","","2.05"
"卖出","GLD","黄金ETF-SPDR","432.70","40","17,308.00","已撤单","0@0.00","2026/03/20 04:07:57 (美东)","限价单","当日有效","","盘前+盘中+盘后","","","美股","USD","","","","","","","","","","","",""
"买入","GLD","黄金ETF-SPDR","424.00","8","3,392.00","全部成交","8@424.00","2026/03/19 08:13:12 (美东)","限价单","当日有效","","盘前+盘中+盘后","","","美股","USD","","0.99","1","0.02","","","","","","","","2.01"
"买入","GLD","黄金ETF-SPDR","427.20","10","4,272.00","全部成交","10@427.20","2026/03/19 07:55:28 (美东)","限价单","当日有效","","盘前+盘中+盘后","","","美股","USD","","0.99","1","0.03","","","","","","","","2.02"
"买入","GLD","黄金ETF-SPDR","431.00","10","4,310.00","全部成交","10@431.00","2026/03/19 04:41:18 (美东)","限价单","当日有效","","盘前+盘中+盘后","","","美股","USD","","0.99","1","0.03","","","","","","","","2.02"
"买入","GLD","黄金ETF-SPDR","432.80","5","2,164.00","全部成交","5@432.80","2026/03/19 04:06:08 (美东)","限价单","当日有效","","盘前+盘中+盘后","","","美股","USD","","0.99","1","0.02","","","","","","","","2.01"
"买入","GLD","黄金ETF-SPDR","434.30","5","2,171.50","已撤单","0@0.00","2026/03/19 04:02:10 (美东)","限价单","当日有效","","盘前+盘中+盘后","","","美股","USD","","","","","","","","","","","",""
"买入","GLD","黄金ETF-SPDR","436.80","5","2,184.00","全部成交","5@436.80","2026/03/19 02:49:23 (美东)","限价单","当日有效","","全时段","","","美股","USD","","0.99","1","0.02","","","","","","","","2.01"
"买入","GLD","黄金ETF-SPDR","437.00","5","2,185.00","已撤单","0@0.00","2026/03/19 02:48:07 (美东)","限价单","当日有效","","全时段","","","美股","USD","","","","","","","","","","","",""
"买入","GLD","黄金ETF-SPDR","438.80","5","2,194.00","全部成交","5@438.80","2026/03/19 02:45:09 (美东)","限价单","当日有效","","全时段","","","美股","USD","","0.99","1","0.02","","","","","","","","2.01"
"买入","GLD","黄金ETF-SPDR","447.80","5","2,239.00","已撤单","0@0.00","2026/03/18 08:39:01 (美东)","限价单","当日有效","","盘前+盘中+盘后","","","美股","USD","","","","","","","","","","","",""
"买入","IQ","爱奇艺","1.23","500","615.00","已撤单","0@0.00","2026/03/17 15:24:39 (美东)","限价单","当日有效","","盘前+盘中+盘后","","","美股","USD","","","","","","","","","","","",""
"买入","IQ","爱奇艺","1.24","500","620.00","已撤单","0@0.00","2026/03/17 10:17:15 (美东)","限价单","当日有效","","盘前+盘中+盘后","","","美股","USD","","","","","","","","","","","",""
"卖出","GLD","黄金ETF-SPDR","462.60","15","6,939.00","全部成交","15@462.60","2026/03/16 09:45:44 (美东)","限价单","当日有效","","盘前+盘中+盘后","","","美股","USD","","0.99","1","0.05","","","","","","0.01","","2.05"
"卖出","GLD","黄金ETF-SPDR","462.00","27","12,474.00","全部成交","27@462.00","2026/03/16 08:28:45 (美东)","限价单","当日有效","","盘前+盘中+盘后","","","美股","USD","","0.99","1","0.08","","","","","","0.01","","2.08"
"卖出","TDOC","Teladoc Health","5.39","50","269.50","全部成交","50@5.3916","2026/03/16 05:06:13 (美东)","限价单","当日有效","","盘前+盘中+盘后","","","美股","USD","","0.99","1","0.15","","","","","","0.04","","2.18"
"买入","GLD","黄金ETF-SPDR","458.00","7","3,206.00","全部成交","7@458.00","2026/03/16 04:39:15 (美东)","限价单","当日有效","","盘前+盘中+盘后","","","美股","USD","","0.99","1","0.02","","","","","","","","2.01"
"卖出","NVDA","英伟达","181.70","15","2,725.50","全部成交","15@181.70","2026/03/15 21:15:46 (美东)","限价单","当日有效","","全时段","","","美股","USD","","0.99","1","0.05","","","","","","0.01","","2.05"
"买入","GLD","黄金ETF-SPDR","460.80","40","18,432.00","全部成交","40@460.7862","2026/03/13 19:53:37 (美东)","限价单","当日有效","","盘前+盘中+盘后","","","美股","USD","","0.99","1","0.12","","","","","","","","2.11"
"买入","TLT","20+年以上美国国债ETF-iShares","86.47","50","4,323.50","已撤单","0@0.00","2026/03/13 12:44:15 (美东)","限价单","当日有效","","盘前+盘中+盘后","","","美股","USD","","","","","","","","","","","",""
"买入","TLT","20+年以上美国国债ETF-iShares","86.48","300","25,944.00","已撤单","0@0.00","2026/03/13 12:39:59 (美东)","限价单","当日有效","","盘前+盘中+盘后","","","美股","USD","","","","","","","","","","","",""
"买入","GLD","黄金ETF-SPDR","460.00","40","18,400.00","已撤单","0@0.00","2026/03/13 12:14:48 (美东)","限价单","当日有效","","盘前+盘中+盘后","","","美股","USD","","","","","","","","","","","",""
"买入","IQ","爱奇艺","1.25","500","625.00","已撤单","0@0.00","2026/03/13 09:36:13 (美东)","限价单","当日有效","","盘前+盘中+盘后","","","美股","USD","","","","","","","","","","","",""
"买入","ADBE","Adobe","244.00","5","1,220.00","已撤单","0@0.00","2026/03/13 00:58:43 (美东)","限价单","当日有效","","全时段","","","美股","USD","","","","","","","","","","","",""
"买入","IQ","爱奇艺","1.30","500","650.00","全部成交","500@1.30","2026/03/12 09:38:16 (美东)","限价单","当日有效","","盘前+盘中+盘后","","","美股","USD","","2.45","2.5","1.5","","","","","","","","6.45"
"买入","IQ","爱奇艺","1.33","500","665.00","已撤单","0@0.00","2026/03/11 11:26:38 (美东)","限价单","当日有效","","盘前+盘中+盘后","","","美股","USD","","","","","","","","","","","",""
"卖出","NVDA","英伟达","185.10","10","1,851.00","全部成交","10@185.10","2026/03/10 10:45:41 (美东)","限价单","当日有效","","盘前+盘中+盘后","","","美股","USD","","0.99","1","0.03","","","","","","0.01","","2.03"
"卖出","NVDA","英伟达","182.40","25","4,560.00","全部成交","25@182.40","2026/03/09 16:04:37 (美东)","限价单","当日有效","","盘前+盘中+盘后","","","美股","USD","","0.99","1","0.08","","","","","","0.01","","2.08"
"卖出","NVDA","英伟达","180.80","30","5,424.00","全部成交","30@180.80","2026/03/09 11:56:42 (美东)","限价单","当日有效","","盘前+盘中+盘后","","","美股","USD","","0.99","1","0.09","","","","","","0.01","","2.09"
"卖出","NVDA","英伟达","180.30","30","5,409.00","已撤单","0@0.00","2026/03/09 11:54:42 (美东)","限价单","当日有效","","盘前+盘中+盘后","","","美股","USD","","","","","","","","","","","",""
"卖出","NVDA","英伟达","179.80","30","5,394.00","全部成交","30@179.80","2026/03/09 11:52:38 (美东)","限价单","当日有效","","盘前+盘中+盘后","","","美股","USD","","0.99","1","0.09","","","","","","0.01","","2.09"
"买入","NVDA","英伟达","173.00","10","1,730.00","全部成交","10@173.00","2026/03/08 21:47:31 (美东)","限价单","当日有效","","全时段","","","美股","USD","","0.99","1","0.03","","","","","","","","2.02"
"买入","NVDA","英伟达","173.30","10","1,733.00","已撤单","0@0.00","2026/03/08 21:44:29 (美东)","限价单","当日有效","","全时段","","","美股","USD","","","","","","","","","","","",""
"买入","NVDA","英伟达","173.35","10","1,733.50","已撤单","0@0.00","2026/03/08 21:32:04 (美东)","限价单","当日有效","","全时段","","","美股","USD","","","","","","","","","","","",""
"买入","NVDA","英伟达","173.80","10","1,738.00","已撤单","0@0.00","2026/03/08 20:21:13 (美东)","限价单","当日有效","","全时段","","","美股","USD","","","","","","","","","","","",""
"买入","NVDA","英伟达","174.50","20","3,490.00","全部成交","20@174.50","2026/03/08 20:14:02 (美东)","限价单","当日有效","","全时段","","","美股","USD","","0.99","1","0.06","","","","","","","","2.05"
"买入","IQ","爱奇艺","1.43","500","715.00","已撤单","0@0.00","2026/03/06 15:38:34 (美东)","限价单","当日有效","","盘前+盘中+盘后","","","美股","USD","","","","","","","","","","","",""
"买入","NVDA","英伟达","176.90","20","3,538.00","全部成交","20@176.90","2026/03/06 15:37:10 (美东)","限价单","当日有效","","盘前+盘中+盘后","","","美股","USD","","0.99","1","0.06","","","","","","","","2.05"
"买入","NVDA","英伟达","177.00","10","1,770.00","全部成交","10@177.00","2026/03/06 15:27:28 (美东)","限价单","当日有效","","盘前+盘中+盘后","","","美股","USD","","0.99","1","0.03","","","","","","","","2.02"
"买入","NVDA","英伟达","177.70","10","1,777.00","全部成交","10@177.70","2026/03/06 15:25:26 (美东)","限价单","当日有效","","盘前+盘中+盘后","","","美股","USD","","0.99","1","0.03","","","","","","","","2.02"
"买入","NVDA","英伟达","178.40","10","1,784.00","全部成交","10@178.40","2026/03/06 15:13:06 (美东)","限价单","当日有效","","盘前+盘中+盘后","","","美股","USD","","0.99","1","0.03","","","","","","","","2.02"
"买入","IQ","爱奇艺","1.45","500","725.00","全部成交","500@1.45","2026/03/05 09:36:27 (美东)","限价单","当日有效","","盘前+盘中+盘后","","","美股","USD","","2.45","2.5","1.5","","","","","","","","6.45"
"买入","IQ","爱奇艺","1.46","200","292.00","全部成交","200@1.46","2026/03/04 09:39:15 (美东)","限价单","当日有效","","盘前+盘中+盘后","","","美股","USD","","0.99","1","0.6","","","","","","","","2.59"
"买入","IQ","爱奇艺","1.49","400","596.00","全部成交","400@1.49","2026/03/03 11:47:41 (美东)","限价单","当日有效","","盘前+盘中+盘后","","","美股","USD","","1.96","2","1.2","","","","","","","","5.16"
"卖空","ADBE","Adobe","269.40","10","2,694.00","已撤单","0@0.00","2026/03/03 11:23:44 (美东)","限价单","当日有效","","盘前+盘中+盘后","","","美股","USD","","","","","","","","","","","",""
"买入","NVDA","英伟达","176.00","5","880.00","已撤单","0@0.00","2026/03/03 10:57:38 (美东)","限价单","当日有效","","盘前+盘中+盘后","","","美股","USD","","","","","","","","","","","",""
"卖空","ADBE","Adobe","266.40","10","2,664.00","已撤单","0@0.00","2026/03/03 10:42:55 (美东)","限价单","当日有效","","盘前+盘中+盘后","","","美股","USD","","","","","","","","","","","",""
"买入","IQ","爱奇艺","1.48","100","148.00","已撤单","0@0.00","2026/03/03 10:25:09 (美东)","限价单","当日有效","","盘前+盘中+盘后","","","美股","USD","","","","","","","","","","","",""
"卖出","ADBE","Adobe","266.00","5","1,330.00","全部成交","5@266.00","2026/03/03 09:32:11 (美东)","限价单","当日有效","","盘前+盘中+盘后","","","美股","USD","","0.99","1","0.02","","","","","","0.01","","2.02"
"买入","IQ","爱奇艺","1.48","200","296.00","已撤单","0@0.00","2026/03/02 09:40:55 (美东)","限价单","当日有效","","盘前+盘中+盘后","","","美股","USD","","","","","","","","","","","",""
"卖出","IQ","爱奇艺","1.60","100","160.00","全部成交","100@1.60","2026/03/02 02:39:51 (美东)","限价单","当日有效","","全时段","","","美股","USD","","0.99","1","0.3","","","","","","0.02","","2.31"
"买入","NVDA","英伟达","173.10","5","865.50","已撤单","0@0.00","2026/03/02 02:23:03 (美东)","限价单","当日有效","","全时段","","","美股","USD","","","","","","","","","","","",""
"买入","NVDA","英伟达","174.50","5","872.50","全部成交","5@174.50","2026/03/02 00:58:24 (美东)","限价单","当日有效","","全时段","","","美股","USD","","0.99","1","0.02","","","","","","","","2.01"
"买入","NVDA","英伟达","175.01","5","875.05","全部成交","5@175.01","2026/03/02 00:52:38 (美东)","限价单","当日有效","","全时段","","","美股","USD","","0.99","1","0.02","","","","","","","","2.01"
"买入","IQ","爱奇艺","1.58","200","316.00","已撤单","0@0.00","2026/02/27 10:06:22 (美东)","限价单","当日有效","","盘前+盘中+盘后","","","美股","USD","","","","","","","","","","","",""
"买入","IQ","爱奇艺","1.58","200","316.00","全部成交","200@1.58","2026/02/27 10:06:14 (美东)","限价单","当日有效","","盘前+盘中+盘后","","","美股","USD","","0.99","1","0.6","","","","","","","","2.59"
"买入","IQ","爱奇艺","1.65","300","495.00","全部成交","300@1.65","2026/02/26 10:45:30 (美东)","限价单","当日有效","","盘前+盘中+盘后","","","美股","USD","","1.47","1.5","0.9","","","","","","","","3.87"
"买入","NVDA","英伟达","184.80","10","1,848.00","全部成交","10@184.80","2026/02/26 10:33:47 (美东)","限价单","当日有效","","盘前+盘中+盘后","","","美股","USD","","0.99","1","0.03","","","","","","","","2.02"
"买入","NVDA","英伟达","186.60","10","1,866.00","全部成交","10@186.60","2026/02/26 10:15:57 (美东)","限价单","当日有效","","盘前+盘中+盘后","","","美股","USD","","0.99","1","0.03","","","","","","","","2.02"
"卖出","TDOC","Teladoc Health","5.15","50","257.50","全部成交","50@5.15","2026/02/26 09:34:31 (美东)","限价单","当日有效","","盘前+盘中+盘后","","","美股","USD","","0.99","1","0.15","","","","","","0.01","","2.15"
"卖出","TDOC","Teladoc Health","5.02","50","251.00","全部成交","50@5.02","2026/02/26 09:33:33 (美东)","限价单","当日有效","","盘前+盘中+盘后","","","美股","USD","","0.99","1","0.15","","","","","","0.01","","2.15"
"卖出","ADBE","Adobe","258.80","10","2,588.00","全部成交","10@258.80","2026/02/26 09:19:12 (美东)","限价单","当日有效","","盘前+盘中+盘后","","","美股","USD","","0.99","1","0.04","","","","","","0.02","","2.05"
"买入","TDOC","Teladoc Health","4.44","50","222.00","已撤单","0@0.00","2026/02/26 09:18:02 (美东)","限价单","当日有效","","盘前+盘中+盘后","","","美股","USD","","","","","","","","","","","",""
"买入","TDOC","Teladoc Health","4.62","50","231.00","全部成交","50@4.62","2026/02/25 23:20:42 (美东)","限价单","当日有效","","全时段","","","美股","USD","","0.99","1","0.15","","","","","","","","2.14"
"买入","BMBL","Bumble","2.81","100","281.00","已撤单","0@0.00","2026/02/25 09:50:25 (美东)","限价单","当日有效","","盘前+盘中+盘后","","","美股","USD","","","","","","","","","","","",""
"买入","ADBE","Adobe","245.80","5","1,229.00","全部成交","5@245.80","2026/02/23 11:37:27 (美东)","限价单","当日有效","","盘前+盘中+盘后","","","美股","USD","","0.99","1","0.02","","","","","","","","2.01"
"买入","TDOC","Teladoc Health","4.46","100","446.00","已撤单","0@0.00","2026/02/23 10:13:04 (美东)","限价单","当日有效","","盘前+盘中+盘后","","","美股","USD","","","","","","","","","","","",""
"买入","TDOC","Teladoc Health","4.45","50","222.50","已撤单","0@0.00","2026/02/23 10:07:22 (美东)","限价单","当日有效","","盘前+盘中+盘后","","","美股","USD","","","","","","","","","","","",""
"买入","ADBE","Adobe","246.70","5","1,233.50","全部成交","5@246.70","2026/02/23 10:06:19 (美东)","限价单","当日有效","","盘前+盘中+盘后","","","美股","USD","","0.99","1","0.02","","","","","","","","2.01"
"买入","TDOC","Teladoc Health","4.78","100","478.00","全部成交","100@4.78","2026/02/20 10:46:36 (美东)","限价单","当日有效","","盘前+盘中+盘后","","","美股","USD","","0.99","1","0.3","","","","","","","","2.29"
"买入","ADBE","Adobe","255.00","5","1,275.00","已撤单","0@0.00","2026/02/20 10:33:46 (美东)","限价单","当日有效","","盘前+盘中+盘后","","","美股","USD","","","","","","","","","","","",""
"买入","ADBE","Adobe","258.80","5","1,294.00","全部成交","5@258.715","2026/02/20 10:27:34 (美东)","限价单","当日有效","","盘前+盘中+盘后","","","美股","USD","","0.99","1","0.02","","","","","","","","2.01"
"买入","LCID","Lucid Group","9.58","50","479.00","已撤单","0@0.00","2026/02/20 09:46:57 (美东)","限价单","当日有效","","盘前+盘中+盘后","","","美股","USD","","","","","","","","","","","",""
"买入","GLD","黄金ETF-SPDR","461.90","50","23,095.00","已撤单","0@0.00","2026/02/20 05:48:49 (美东)","限价单","当日有效","","盘前+盘中+盘后","","","美股","USD","","","","","","","","","","","",""
"卖出","SQQQ","三倍做空纳指ETF-ProShares","12.76","661","8,434.36","全部成交","661@12.76","2025/10/29 03:23:33 (美东)","限价单","当日有效","","全时段","","","美股","USD","","3.24","3.31","1.98","","","","","","0.11","0.02","8.66"
"卖出","SQQQ","三倍做空纳指ETF-ProShares","13.40","31","415.40","全部成交","31@13.405","2025/10/27 09:31:43 (美东)","限价单","当日有效","","盘中","","","美股","USD","系统平仓","0.99","1","0.09","","","","","","0.01","0","2.09"
"卖出","SQQQ","三倍做空纳指ETF-ProShares","13.89","42","583.38","全部成交","42@13.895","2025/10/24 15:07:46 (美东)","限价单","当日有效","","盘中","","","美股","USD","系统平仓","0.99","1","0.13","","","","","","0.01","0","2.13"
"卖出","SQQQ","三倍做空纳指ETF-ProShares","14.53","13","188.89","全部成交","13@14.53355","2025/10/20 09:34:16 (美东)","限价单","当日有效","","盘中","","","美股","USD","系统平仓","0.99","1","0.04","","","","","","0.01","0","2.04"
"卖出","SQQQ","三倍做空纳指ETF-ProShares","14.72","20","294.40","全部成交","20@14.7201","2025/10/06 09:32:32 (美东)","限价单","当日有效","","盘中","","","美股","USD","系统平仓","0.99","1","0.06","","","","","","0.01","0","2.06"
"卖出","SQQQ","三倍做空纳指ETF-ProShares","15.04","16","240.64","全部成交","16@15.0401","2025/10/03 15:02:37 (美东)","限价单","当日有效","","盘中","","","美股","USD","系统平仓","0.99","1","0.05","","","","","","0.01","0","2.05"
"卖出","SQQQ","三倍做空纳指ETF-ProShares","15.62","41","640.42","全部成交","41@15.625","2025/09/19 15:07:55 (美东)","限价单","当日有效","","盘中","","","美股","USD","系统平仓","0.99","1","0.12","","","","","","0.01","0","2.12"
"卖出","SQQQ","三倍做空纳指ETF-ProShares","16.25","3","48.75","全部成交","3@16.255","2025/09/15 09:59:29 (美东)","限价单","当日有效","","盘中","","","美股","USD","系统平仓","0.99","1","0.01","","","","","","0.01","0","2.01"
"卖出","SQQQ","三倍做空纳指ETF-ProShares","16.29","12","195.48","全部成交","12@16.2922","2025/09/15 09:55:58 (美东)","限价单","当日有效","","盘中","","","美股","USD","系统平仓","0.99","1","0.04","","","","","","0.01","0","2.04"
"卖出","SQQQ","三倍做空纳指ETF-ProShares","16.47","45","741.15","全部成交","45@16.4737","2025/09/12 15:02:49 (美东)","限价单","当日有效","","盘中","","","美股","USD","系统平仓","0.99","1","0.14","","","","","","0.01","0","2.14"
"卖出","SQQQ","三倍做空纳指ETF-ProShares","17.16","14","240.24","全部成交","14@17.1602","2025/09/08 09:35:12 (美东)","限价单","当日有效","","盘中","","","美股","USD","系统平仓","0.99","1","0.04","","","","","","0.01","0","2.04"
"卖出","SQQQ","三倍做空纳指ETF-ProShares","17.30","13","224.90","全部成交","13@17.3001","2025/08/15 15:07:28 (美东)","限价单","当日有效","","盘中","","","美股","USD","系统平仓","0.99","1","0.04","","","","","","0.01","0","2.04"
"卖出","SQQQ","三倍做空纳指ETF-ProShares","17.50","40","700.00","全部成交","40@17.5003","2025/08/08 15:02:14 (美东)","限价单","当日有效","","盘中","","","美股","USD","系统平仓","0.99","1","0.12","","","","","","0.01","0","2.12"
"卖出","SQQQ","三倍做空纳指ETF-ProShares","18.01","11","198.11","全部成交","11@18.0132","2025/07/28 10:00:53 (美东)","限价单","当日有效","","盘中","","","美股","USD","系统平仓","0.99","1","0.03","","","","","","0.01","0","2.03"
"卖出","SQQQ","三倍做空纳指ETF-ProShares","18.19","11","200.09","全部成交","11@18.1937","2025/07/25 15:14:58 (美东)","限价单","当日有效","","盘中","","","美股","USD","系统平仓","0.99","1","0.03","","","","","","0.01","0","2.03"
"卖出","SQQQ","三倍做空纳指ETF-ProShares","18.34","12","220.08","全部成交","12@18.3425","2025/07/21 09:49:25 (美东)","限价单","当日有效","","盘中","","","美股","USD","系统平仓","0.99","1","0.04","","","","","","0.01","0","2.04"
"卖出","SQQQ","三倍做空纳指ETF-ProShares","18.52","15","277.80","全部成交","15@18.52","2025/07/21 09:35:25 (美东)","限价单","当日有效","","盘中","","","美股","USD","系统平仓","0.99","1","0.05","","","","","","0.01","0","2.05"
"买入","SQQQ","三倍做空纳指ETF-ProShares","22.26","50","1,113.00","已撤单","0@0.00","2025/06/05 04:13:14 (美东)","限价单","当日有效","","盘前+盘中+盘后","","","美股","USD","","","","","","","","","","","",""
"买入","SQQQ","三倍做空纳指ETF-ProShares","22.38","50","1,119.00","已撤单","0@0.00","2025/06/04 09:49:25 (美东)","限价单","当日有效","","盘前+盘中+盘后","","","美股","USD","","","","","","","","","","","",""
"买入","SQQQ","三倍做空纳指ETF-ProShares","23.36","50","1,168.00","全部成交","50@23.36","2025/05/21 11:14:09 (美东)","限价单","当日有效","","盘前+盘中+盘后","","","美股","USD","","0.99","1","0.15","","","","","","","","2.14"
"买入","JD","京东","34.00","50","1,700.00","已撤单","0@0.00","2025/05/15 09:35:39 (美东)","限价单","当日有效","","盘前+盘中+盘后","","","美股","USD","","","","","","","","","","","",""
"买入","JD","京东","34.50","150","5,175.00","下单失败","0@0.00","2025/05/15 09:33:18 (美东)","限价单","当日有效","","盘前+盘中+盘后","","","美股","USD","","","","","","","","","","","",""
"卖出","SQQQ","三倍做空纳指ETF-ProShares","23.82","50","1,191.00","全部成交","50@23.82","2025/05/14 19:06:08 (美东)","限价单","当日有效","","盘前+盘中+盘后","","","美股","USD","","0.99","1","0.15","","","","","","0.01","","2.15"
"买入","SQQQ","三倍做空纳指ETF-ProShares","23.75","50","1,187.50","全部成交","50@23.75","2025/05/14 11:28:15 (美东)","限价单","当日有效","","盘前+盘中+盘后","","","美股","USD","","0.99","1","0.15","","","","","","","","2.14"
"卖出","SQQQ","三倍做空纳指ETF-ProShares","24.20","100","2,420.00","全部成交","100@24.20","2025/05/13 16:04:04 (美东)","限价单","当日有效","","盘前+盘中+盘后","","","美股","USD","","0.99","1","0.3","","","","","0.07","0.02","","2.38"
"买入","SQQQ","三倍做空纳指ETF-ProShares","23.95","50","1,197.50","全部成交","50@23.95","2025/05/13 12:44:53 (美东)","限价单","当日有效","","盘前+盘中+盘后","","","美股","USD","","0.99","1","0.15","","","","","","","","2.14"
"买入","SQQQ","三倍做空纳指ETF-ProShares","24.00","50","1,200.00","已撤单","0@0.00","2025/05/13 12:36:44 (美东)","限价单","当日有效","","盘前+盘中+盘后","","","美股","USD","","","","","","","","","","","",""
"买入","SQQQ","三倍做空纳指ETF-ProShares","24.03","50","1,201.50","已撤单","0@0.00","2025/05/13 12:29:31 (美东)","限价单","当日有效","","盘前+盘中+盘后","","","美股","USD","","","","","","","","","","","",""
"买入","SQQQ","三倍做空纳指ETF-ProShares","24.03","50","1,201.50","已撤单","0@0.00","2025/05/13 11:48:09 (美东)","限价单","当日有效","","盘前+盘中+盘后","","","美股","USD","","","","","","","","","","","",""
"买入","SQQQ","三倍做空纳指ETF-ProShares","24.10","50","1,205.00","全部成交","50@24.10","2025/05/13 11:26:24 (美东)","限价单","当日有效","","盘前+盘中+盘后","","","美股","USD","","0.99","1","0.15","","","","","","","","2.14"
"买入","SQQQ","三倍做空纳指ETF-ProShares","24.27","50","1,213.50","已撤单","0@0.00","2025/05/13 10:19:11 (美东)","限价单","当日有效","","盘前+盘中+盘后","","","美股","USD","","","","","","","","","","","",""
"买入","SQQQ","三倍做空纳指ETF-ProShares","24.67","50","1,233.50","全部成交","50@24.67","2025/05/13 09:57:16 (美东)","限价单","当日有效","","盘前+盘中+盘后","","","美股","USD","","0.99","1","0.15","","","","","","","","2.14"
"买入","SQQQ","三倍做空纳指ETF-ProShares","24.85","50","1,242.50","全部成交","50@24.85","2025/05/13 09:36:14 (美东)","限价单","当日有效","","盘前+盘中+盘后","","","美股","USD","","0.99","1","0.15","","","","","","","","2.14"
"买入","SQQQ","三倍做空纳指ETF-ProShares","24.90","50","1,245.00","已撤单","0@0.00","2025/05/13 08:30:28 (美东)","限价单","当日有效","","盘前+盘中+盘后","","","美股","USD","","","","","","","","","","","",""
"买入","SQQQ","三倍做空纳指ETF-ProShares","25.25","50","1,262.50","已撤单","0@0.00","2025/05/13 08:22:36 (美东)","限价单","当日有效","","盘前+盘中+盘后","","","美股","USD","","","","","","","","","","","",""
"买入","SQQQ","三倍做空纳指ETF-ProShares","25.25","50","1,262.50","已撤单","0@0.00","2025/05/13 08:20:49 (美东)","限价单","当日有效","","盘前+盘中+盘后","","","美股","USD","","","","","","","","","","","",""
"卖出","SOXS","三倍做空半导体ETF-Direxion","12.80","300","3,840.00","全部成交","300@12.80","2025/05/12 13:26:24 (美东)","限价单","当日有效","","盘前+盘中+盘后","","","美股","USD","","1.47","1.5","0.9","","","","","0.11","0.05","","4.03"
"买入","SOXS","三倍做空半导体ETF-Direxion","12.31","100","1,231.00","全部成交","100@12.31","2025/05/12 13:06:35 (美东)","限价单","当日有效","","盘前+盘中+盘后","","","美股","USD","","0.99","1","0.3","","","","","","","","2.29"
"买入","SOXS","三倍做空半导体ETF-Direxion","12.46","100","1,246.00","已撤单","0@0.00","2025/05/12 12:18:53 (美东)","限价单","当日有效","","盘前+盘中+盘后","","","美股","USD","","","","","","","","","","","",""
"买入","SOXS","三倍做空半导体ETF-Direxion","12.55","100","1,255.00","全部成交","100@12.55","2025/05/12 12:10:40 (美东)","限价单","当日有效","","盘前+盘中+盘后","","","美股","USD","","0.99","1","0.3","","","","","","","","2.29"
"买入","SOXS","三倍做空半导体ETF-Direxion","12.63","100","1,263.00","全部成交","100@12.63","2025/05/12 12:03:49 (美东)","限价单","当日有效","","盘前+盘中+盘后","","","美股","USD","","0.99","1","0.3","","","","","","","","2.29"
"买入","SOXS","三倍做空半导体ETF-Direxion","12.63","400","5,052.00","已撤单","0@0.00","2025/05/12 12:03:16 (美东)","限价单","当日有效","","盘前+盘中+盘后","","","美股","USD","","","","","","","","","","","",""
"买入","SQQQ","三倍做空纳指ETF-ProShares","25.16","150","3,774.00","已撤单","0@0.00","2025/05/12 07:07:07 (美东)","限价单","当日有效","","盘前+盘中+盘后","","","美股","USD","","","","","","","","","","","",""
"买入","SQQQ","三倍做空纳指ETF-ProShares","25.22","50","1,261.00","全部成交","50@25.22","2025/05/12 06:59:03 (美东)","限价单","当日有效","","盘前+盘中+盘后","","","美股","USD","","0.99","1","0.15","","","","","","","","2.14"
"买入","SQQQ","三倍做空纳指ETF-ProShares","25.22","100","2,522.00","已撤单","0@0.00","2025/05/12 06:34:50 (美东)","限价单","当日有效","","盘前+盘中+盘后","","","美股","USD","","","","","","","","","","","",""
"买入","SQQQ","三倍做空纳指ETF-ProShares","25.45","50","1,272.50","全部成交","50@25.45","2025/05/12 03:26:34 (美东)","限价单","当日有效","","全时段","","","美股","USD","","0.99","1","0.15","","","","","","","","2.14"
"买入","SQQQ","三倍做空纳指ETF-ProShares","25.53","100","2,553.00","全部成交","100@25.53","2025/05/12 03:24:35 (美东)","限价单","当日有效","","全时段","","","美股","USD","","0.99","1","0.3","","","","","","","","2.29"
"买入","SQQQ","三倍做空纳指ETF-ProShares","25.61","50","1,280.50","全部成交","50@25.61","2025/05/12 03:21:22 (美东)","限价单","当日有效","","全时段","","","美股","USD","","0.99","1","0.15","","","","","","","","2.14"
"买入","SOXS","三倍做空半导体ETF-Direxion","13.26","100","1,326.00","已撤单","0@0.00","2025/05/12 03:16:47 (美东)","限价单","当日有效","","全时段","","","美股","USD","","","","","","","","","","","",""
"买入","SQQQ","三倍做空纳指ETF-ProShares","25.68","50","1,284.00","全部成交","50@25.68","2025/05/12 03:10:25 (美东)","限价单","当日有效","","全时段","","","美股","USD","","0.99","1","0.15","","","","","","","","2.14"
"买入","SOXS","三倍做空半导体ETF-Direxion","14.35","100","1,435.00","已撤单","0@0.00","2025/05/12 02:51:03 (美东)","限价单","当日有效","","全时段","","","美股","USD","","","","","","","","","","","",""
"买入","SQQQ","三倍做空纳指ETF-ProShares","26.90","50","1,345.00","全部成交","50@26.90","2025/05/12 01:54:19 (美东)","限价单","当日有效","","全时段","","","美股","USD","","0.99","1","0.15","","","","","","","","2.14"
"买入","SQQQ","三倍做空纳指ETF-ProShares","27.00","50","1,350.00","已撤单","0@0.00","2025/05/11 21:07:37 (美东)","限价单","当日有效","","全时段","","","美股","USD","","","","","","","","","","","",""
"买入","SQQQ","三倍做空纳指ETF-ProShares","27.10","50","1,355.00","已撤单","0@0.00","2025/05/11 21:04:35 (美东)","限价单","当日有效","","全时段","","","美股","USD","","","","","","","","","","","",""
"买入","SQQQ","三倍做空纳指ETF-ProShares","28.20","100","2,820.00","已撤单","0@0.00","2025/05/09 10:08:04 (美东)","限价单","当日有效","","盘前+盘中+盘后","","","美股","USD","","","","","","","","","","","",""
"买入","SQQQ","三倍做空纳指ETF-ProShares","27.80","100","2,780.00","已撤单","0@0.00","2025/05/08 12:42:14 (美东)","限价单","当日有效","","盘前+盘中+盘后","","","美股","USD","","","","","","","","","","","",""
"买入","SQQQ","三倍做空纳指ETF-ProShares","27.87","100","2,787.00","已撤单","0@0.00","2025/05/08 11:44:48 (美东)","限价单","当日有效","","盘前+盘中+盘后","","","美股","USD","","","","","","","","","","","",""
"买入","SQQQ","三倍做空纳指ETF-ProShares","28.22","100","2,822.00","已撤单","0@0.00","2025/05/08 05:42:04 (美东)","限价单","当日有效","","盘前+盘中+盘后","","","美股","USD","","","","","","","","","","","",""
"买入","SQQQ","三倍做空纳指ETF-ProShares","28.30","50","1,415.00","全部成交","50@28.30","2025/05/08 05:32:26 (美东)","限价单","当日有效","","盘前+盘中+盘后","","","美股","USD","","0.99","1","0.15","","","","","","","","2.14"
"买入","SQQQ","三倍做空纳指ETF-ProShares","28.40","50","1,420.00","全部成交","50@28.40","2025/05/08 04:31:07 (美东)","限价单","当日有效","","盘前+盘中+盘后","","","美股","USD","","0.99","1","0.15","","","","","","","","2.14"
"买入","SQQQ","三倍做空纳指ETF-ProShares","28.62","50","1,431.00","全部成交","50@28.62","2025/05/07 23:29:19 (美东)","限价单","当日有效","","夜盘","","","美股","USD","","0.99","1","0.15","","","","","","","","2.14"
"买入","SQQQ","三倍做空纳指ETF-ProShares","28.62","50","1,431.00","已撤单","0@0.00","2025/05/07 23:25:14 (美东)","限价单","当日有效","","盘前+盘中+盘后","","","美股","USD","","","","","","","","","","","",""
"买入","SQQQ","三倍做空纳指ETF-ProShares","28.80","50","1,440.00","全部成交","50@28.80","2025/05/07 23:04:53 (美东)","限价单","当日有效","","全时段","","","美股","USD","","0.99","1","0.15","","","","","","","","2.14"
"买入","JD","京东","33.10","50","1,655.00","已撤单","0@0.00","2025/05/07 09:28:02 (美东)","限价单","当日有效","","盘前+盘中+盘后","","","美股","USD","","","","","","","","","","","",""
"买入","JD","京东","33.60","50","1,680.00","已撤单","0@0.00","2025/05/07 01:17:34 (美东)","限价单","当日有效","","全时段","","","美股","USD","","","","","","","","","","","",""
"买入","SQQQ","三倍做空纳指ETF-ProShares","29.40","100","2,940.00","全部成交","100@29.40","2025/05/06 11:03:10 (美东)","限价单","当日有效","","盘前+盘中+盘后","","","美股","USD","","0.99","1","0.3","","","","","","","","2.29"
"卖出","SQQQ","三倍做空纳指ETF-ProShares","29.75","100","2,975.00","全部成交","100@29.75","2025/05/06 01:53:24 (美东)","限价单","当日有效","","全时段","","","美股","USD","","0.99","1","0.3","","","","","0.08","0.02","","2.39"
"卖出","SQQQ","三倍做空纳指ETF-ProShares","29.68","100","2,968.00","全部成交","100@29.68","2025/05/06 01:50:08 (美东)","限价单","当日有效","","全时段","","","美股","USD","","0.99","1","0.3","","","","","0.08","0.02","","2.39"
"卖出","SQQQ","三倍做空纳指ETF-ProShares","29.62","200","5,924.00","全部成交","200@29.62","2025/05/05 21:47:32 (美东)","限价单","当日有效","","全时段","","","美股","USD","","0.99","1","0.6","","","","","0.16","0.04","","2.79"
"卖出","SQQQ","三倍做空纳指ETF-ProShares","29.58","200","5,916.00","全部成交","200@29.58","2025/05/05 20:30:20 (美东)","限价单","当日有效","","全时段","","","美股","USD","","0.99","1","0.6","","","","","0.17","0.04","","2.8"
"买入","SQQQ","三倍做空纳指ETF-ProShares","28.70","100","2,870.00","已撤单","0@0.00","2025/05/05 12:45:49 (美东)","限价单","当日有效","","盘前+盘中+盘后","","","美股","USD","","","","","","","","","","","",""
"买入","SQQQ","三倍做空纳指ETF-ProShares","28.86","100","2,886.00","全部成交","100@28.86","2025/05/05 12:02:50 (美东)","限价单","当日有效","","盘前+盘中+盘后","","","美股","USD","","0.99","1","0.3","","","","","","","","2.29"
"卖出","SQQQ","三倍做空纳指ETF-ProShares","29.55","200","5,910.00","已撤单","0@0.00","2025/05/05 07:59:21 (美东)","限价单","当日有效","","盘前+盘中+盘后","","","美股","USD","","","","","","","","","","","",""
"卖出","SQQQ","三倍做空纳指ETF-ProShares","29.35","100","2,935.00","全部成交","100@29.35","2025/05/04 21:47:00 (美东)","限价单","当日有效","","全时段","","","美股","USD","","0.99","1","0.3","","","","","0.08","0.02","","2.39"
"卖出","SQQQ","三倍做空纳指ETF-ProShares","29.12","280","8,153.60","全部成交","280@29.12","2025/05/04 21:12:06 (美东)","限价单","当日有效","","全时段","","","美股","USD","","1.37","1.4","0.84","","","","","0.23","0.05","","3.89"
"买入","SQQQ","三倍做空纳指ETF-ProShares","28.40","80","2,272.00","全部成交","80@28.40","2025/05/02 12:01:25 (美东)","限价单","当日有效","","盘前+盘中+盘后","","","美股","USD","","0.99","1","0.24","","","","","","","","2.23"
"买入","SQQQ","三倍做空纳指ETF-ProShares","28.70","100","2,870.00","全部成交","100@28.70","2025/05/02 10:16:48 (美东)","限价单","当日有效","","盘前+盘中+盘后","","","美股","USD","","0.99","1","0.3","","","","","","","","2.29"
"买入","SQQQ","三倍做空纳指ETF-ProShares","28.76","100","2,876.00","全部成交","100@28.76","2025/05/02 10:16:01 (美东)","限价单","当日有效","","盘前+盘中+盘后","","","美股","USD","","0.99","1","0.3","","","","","","","","2.29"
"买入","SQQQ","三倍做空纳指ETF-ProShares","28.77","100","2,877.00","已撤单","0@0.00","2025/05/02 10:11:44 (美东)","限价单","当日有效","","盘前+盘中+盘后","","","美股","USD","","","","","","","","","","","",""
"买入","SQQQ","三倍做空纳指ETF-ProShares","28.83","100","2,883.00","全部成交","100@28.83","2025/05/02 10:04:15 (美东)","限价单","当日有效","","盘前+盘中+盘后","","","美股","USD","","0.99","1","0.3","","","","","","","","2.29"
"买入","SQQQ","三倍做空纳指ETF-ProShares","28.90","100","2,890.00","全部成交","100@28.90","2025/05/02 09:40:32 (美东)","限价单","当日有效","","盘前+盘中+盘后","","","美股","USD","","0.99","1","0.3","","","","","","","","2.29"
"买入","SQQQ","三倍做空纳指ETF-ProShares","28.90","100","2,890.00","已撤单","0@0.00","2025/05/02 09:32:25 (美东)","限价单","当日有效","","盘前+盘中+盘后","","","美股","USD","","","","","","","","","","","",""
"买入","SQQQ","三倍做空纳指ETF-ProShares","28.90","100","2,890.00","已撤单","0@0.00","2025/05/02 09:30:37 (美东)","限价单","当日有效","","盘前+盘中+盘后","","","美股","USD","","","","","","","","","","","",""
"买入","SQQQ","三倍做空纳指ETF-ProShares","28.50","100","2,850.00","已撤单","0@0.00","2025/05/02 09:05:57 (美东)","限价单","当日有效","","盘前+盘中+盘后","","","美股","USD","","","","","","","","","","","",""
"买入","SQQQ","三倍做空纳指ETF-ProShares","29.08","100","2,908.00","已撤单","0@0.00","2025/05/02 08:51:26 (美东)","限价单","当日有效","","盘前+盘中+盘后","","","美股","USD","","","","","","","","","","","",""
"买入","SQQQ","三倍做空纳指ETF-ProShares","29.15","100","2,915.00","已撤单","0@0.00","2025/05/02 08:38:55 (美东)","限价单","当日有效","","盘前+盘中+盘后","","","美股","USD","","","","","","","","","","","",""
"买入","SOXS","三倍做空半导体ETF-Direxion","18.25","100","1,825.00","已撤单","0@0.00","2025/05/02 06:23:19 (美东)","限价单","当日有效","","盘前+盘中+盘后","","","美股","USD","","","","","","","","","","","",""
"卖空","AVGO","博通","199.88","10","1,998.80","已撤单","0@0.00","2025/05/02 06:10:29 (美东)","限价单","当日有效","","盘前+盘中+盘后","","","美股","USD","","","","","","","","","","","",""
"买入","XYZ","Block","42.00","10","420.00","已撤单","0@0.00","2025/05/01 21:50:34 (美东)","限价单","当日有效","","全时段","","","美股","USD","","","","","","","","","","","",""
"买入","SQQQ","三倍做空纳指ETF-ProShares","28.82","100","2,882.00","已撤单","0@0.00","2025/05/01 11:18:06 (美东)","限价单","当日有效","","盘前+盘中+盘后","","","美股","USD","","","","","","","","","","","",""
"买入","SQQQ","三倍做空纳指ETF-ProShares","28.93","100","2,893.00","全部成交","100@28.93","2025/05/01 11:14:36 (美东)","限价单","当日有效","","盘前+盘中+盘后","","","美股","USD","","0.99","1","0.3","","","","","","","","2.29"
"买入","SQQQ","三倍做空纳指ETF-ProShares","29.02","100","2,902.00","全部成交","100@29.02","2025/05/01 10:57:18 (美东)","限价单","当日有效","","盘前+盘中+盘后","","","美股","USD","","0.99","1","0.3","","","","","","","","2.29"
"买入","SQQQ","三倍做空纳指ETF-ProShares","29.15","50","1,457.50","全部成交","50@29.15","2025/05/01 10:46:41 (美东)","限价单","当日有效","","盘前+盘中+盘后","","","美股","USD","","0.99","1","0.15","","","","","","","","2.14"
"买入","SQQQ","三倍做空纳指ETF-ProShares","29.20","50","1,460.00","全部成交","50@29.20","2025/05/01 10:43:21 (美东)","限价单","当日有效","","盘前+盘中+盘后","","","美股","USD","","0.99","1","0.15","","","","","","","","2.14"
"买入","SQQQ","三倍做空纳指ETF-ProShares","29.28","100","2,928.00","已撤单","0@0.00","2025/05/01 08:10:27 (美东)","限价单","当日有效","","盘前+盘中+盘后","","","美股","USD","","","","","","","","","","","",""
"买入","SQQQ","三倍做空纳指ETF-ProShares","29.35","50","1,467.50","全部成交","50@29.35","2025/05/01 05:49:28 (美东)","限价单","当日有效","","盘前+盘中+盘后","","","美股","USD","","0.99","1","0.15","","","","","","","","2.14"
"买入","SQQQ","三倍做空纳指ETF-ProShares","29.50","50","1,475.00","全部成交","50@29.50","2025/04/30 20:07:27 (美东)","限价单","当日有效","","全时段","","","美股","USD","","0.99","1","0.15","","","","","","","","2.14"
"卖出","SQQQ","三倍做空纳指ETF-ProShares","32.95","100","3,295.00","已撤单","0@0.00","2025/04/28 13:31:23 (美东)","限价单","当日有效","","盘前+盘中+盘后","","","美股","USD","","","","","","","","","","","",""
"卖出","SQQQ","三倍做空纳指ETF-ProShares","32.90","300","9,870.00","全部成交","300@32.90","2025/04/28 13:28:49 (美东)","限价单","当日有效","","盘前+盘中+盘后","","","美股","USD","","1.47","1.5","0.9","","","","","0.27","0.05","","4.19"
"卖出","SQQQ","三倍做空纳指ETF-ProShares","32.80","370","12,136.00","全部成交","370@32.80","2025/04/28 13:26:32 (美东)","限价单","当日有效","","盘前+盘中+盘后","","","美股","USD","","1.81","1.85","1.11","","","","","0.34","0.06","","5.17"
"买入","00981","中芯国际","45.40","1,000","45,400.00","全部成交","1,000@45.40","2025/04/28 15:18:59 (香港)","限价单","当日有效","允许","","","","港股","HKD","","13.62","15","2","46","2.57","1.23","0.07","","","","80.49"
"卖出","SQQQ","三倍做空纳指ETF-ProShares","32.20","320","10,304.00","已撤单","0@0.00","2025/04/25 15:21:27 (美东)","限价单","当日有效","","盘前+盘中+盘后","","","美股","USD","","","","","","","","","","","",""
"买入","SQQQ","三倍做空纳指ETF-ProShares","31.85","70","2,229.50","全部成交","70@31.85","2025/04/25 14:22:27 (美东)","限价单","当日有效","","盘前+盘中+盘后","","","美股","USD","","0.99","1","0.21","","","","","","","","2.2"
"买入","SQQQ","三倍做空纳指ETF-ProShares","31.53","60","1,891.80","已撤单","0@0.00","2025/04/25 13:27:55 (美东)","限价单","当日有效","","盘前+盘中+盘后","","","美股","USD","","","","","","","","","","","",""
"买入","SQQQ","三倍做空纳指ETF-ProShares","31.62","100","3,162.00","全部成交","100@31.62","2025/04/25 13:18:22 (美东)","限价单","当日有效","","盘前+盘中+盘后","","","美股","USD","","0.99","1","0.3","","","","","","","","2.29"
"买入","SQQQ","三倍做空纳指ETF-ProShares","31.78","100","3,178.00","全部成交","100@31.78","2025/04/25 13:16:48 (美东)","限价单","当日有效","","盘前+盘中+盘后","","","美股","USD","","0.99","1","0.3","","","","","","","","2.29"
"卖空","NVDA","英伟达","110.06","20","2,201.20","全部成交","20@110.08","2025/04/25 12:36:52 (美东)","限价单","当日有效","","盘前+盘中+盘后","","","美股","USD","","0.99","1","0.06","","","","","0.06","0.01","","2.12"
"卖出","SOXL","三倍做多半导体ETF-Direxion","12.20","100","1,220.00","全部成交","100@12.20","2025/04/25 12:35:43 (美东)","限价单","当日有效","","盘前+盘中+盘后","","","美股","USD","","0.99","1","0.3","","","","","0.03","0.02","","2.34"
"卖空","NVDA","英伟达","109.50","30","3,285.00","全部成交","30@109.50","2025/04/25 12:26:27 (美东)","限价单","当日有效","","盘前+盘中+盘后","","","美股","USD","","0.99","1","0.09","","","","","0.09","0.01","","2.18"
"买入","SQQQ","三倍做空纳指ETF-ProShares","32.20","100","3,220.00","全部成交","100@32.20","2025/04/25 12:25:01 (美东)","限价单","当日有效","","盘前+盘中+盘后","","","美股","USD","","0.99","1","0.3","","","","","","","","2.29"
"买入","NVDA","英伟达","111.20","100","11,120.00","全部成交","100@111.20","2025/04/25 12:08:52 (美东)","限价单","当日有效","","盘前+盘中+盘后","","","美股","USD","","0.99","1","0.3","","","","","","","","2.29"
"卖空","NVDA","英伟达","109.40","25","2,735.00","已撤单","0@0.00","2025/04/25 11:41:40 (美东)","限价单","当日有效","","盘前+盘中+盘后","","","美股","USD","","","","","","","","","","","",""
"卖空","NVDA","英伟达","109.10","10","1,091.00","全部成交","10@109.10","2025/04/25 11:37:28 (美东)","限价单","当日有效","","盘前+盘中+盘后","","","美股","USD","","0.99","1","0.03","","","","","0.03","0.01","","2.06"
"卖空","NVDA","英伟达","108.95","20","2,179.00","全部成交","20@108.95","2025/04/25 11:23:03 (美东)","限价单","当日有效","","盘前+盘中+盘后","","","美股","USD","","0.99","1","0.06","","","","","0.06","0.01","","2.12"
"买入","SQQQ","三倍做空纳指ETF-ProShares","32.40","100","3,240.00","全部成交","100@32.40","2025/04/25 11:15:44 (美东)","限价单","当日有效","","盘前+盘中+盘后","","","美股","USD","","0.99","1","0.3","","","","","","","","2.29"
"买入","SQQQ","三倍做空纳指ETF-ProShares","32.55","50","1,627.50","全部成交","50@32.55","2025/04/25 10:49:23 (美东)","限价单","当日有效","","盘前+盘中+盘后","","","美股","USD","","0.99","1","0.15","","","","","","","","2.14"
"卖空","NVDA","英伟达","108.50","10","1,085.00","全部成交","10@108.50","2025/04/25 10:41:20 (美东)","限价单","当日有效","","盘前+盘中+盘后","","","美股","USD","","0.99","1","0.03","","","","","0.03","0.01","","2.06"
"卖空","NVDA","英伟达","108.35","10","1,083.50","全部成交","10@108.35","2025/04/25 10:39:53 (美东)","限价单","当日有效","","盘前+盘中+盘后","","","美股","USD","","0.99","1","0.03","","","","","0.03","0.01","","2.06"
"卖出","NVDA","英伟达","108.20","10","1,082.00","全部成交","10@108.20","2025/04/25 10:38:33 (美东)","限价单","当日有效","","盘前+盘中+盘后","","","美股","USD","","0.99","1","0.03","","","","","0.03","0.01","","2.06"
"买入","GLD","黄金ETF-SPDR","300.60","55","16,533.00","已撤单","0@0.00","2025/04/25 09:35:55 (美东)","限价单","当日有效","","盘前+盘中+盘后","","","美股","USD","","","","","","","","","","","",""
"买入","00981","中芯国际","44.40","500","22,200.00","已撤单","0@0.00","2025/04/25 13:16:10 (香港)","限价单","当日有效","允许","","","","港股","HKD","","","","","","","","","","","",""
"买入","00981","中芯国际","44.50","500","22,250.00","已撤单","0@0.00","2025/04/25 13:15:42 (香港)","限价单","当日有效","允许","","","","港股","HKD","","","","","","","","","","","",""
"买入","SQQQ","三倍做空纳指ETF-ProShares","31.80","50","1,590.00","已撤单","0@0.00","2025/04/25 00:09:07 (美东)","限价单","当日有效","","全时段","","","美股","USD","","","","","","","","","","","",""
"买入","SQQQ","三倍做空纳指ETF-ProShares","32.00","50","1,600.00","全部成交","50@32.00","2025/04/24 23:42:57 (美东)","限价单","当日有效","","全时段","","","美股","USD","","0.99","1","0.15","","","","","","","","2.14"
"买入","SQQQ","三倍做空纳指ETF-ProShares","32.20","50","1,610.00","已撤单","0@0.00","2025/04/24 19:12:02 (美东)","限价单","当日有效","","盘前+盘中+盘后","","","美股","USD","","","","","","","","","","","",""
"买入","SQQQ","三倍做空纳指ETF-ProShares","33.35","100","3,335.00","已撤单","0@0.00","2025/04/24 11:14:40 (美东)","限价单","当日有效","","盘前+盘中+盘后","","","美股","USD","","","","","","","","","","","",""
"买入","SQQQ","三倍做空纳指ETF-ProShares","33.62","150","5,043.00","全部成交","150@33.62","2025/04/24 10:37:24 (美东)","限价单","当日有效","","盘前+盘中+盘后","","","美股","USD","","0.99","1","0.45","","","","","","","","2.44"
"买入","SQQQ","三倍做空纳指ETF-ProShares","33.65","25","841.25","全部成交","25@33.65","2025/04/24 10:29:12 (美东)","限价单","当日有效","","盘前+盘中+盘后","","","美股","USD","","0.99","1","0.08","","","","","","","","2.07"
"买入","SQQQ","三倍做空纳指ETF-ProShares","33.90","25","847.50","全部成交","25@33.90","2025/04/24 10:08:51 (美东)","限价单","当日有效","","盘前+盘中+盘后","","","美股","USD","","0.99","1","0.08","","","","","","","","2.07"
"买入","SQQQ","三倍做空纳指ETF-ProShares","34.08","25","852.00","全部成交","25@34.08","2025/04/24 10:02:39 (美东)","限价单","当日有效","","盘前+盘中+盘后","","","美股","USD","","0.99","1","0.08","","","","","","","","2.07"
"买入","SQQQ","三倍做空纳指ETF-ProShares","34.40","25","860.00","全部成交","25@34.40","2025/04/24 09:40:56 (美东)","限价单","当日有效","","盘前+盘中+盘后","","","美股","USD","","0.99","1","0.08","","","","","","","","2.07"
"买入","00981","中芯国际","45.00","500","22,500.00","已撤单","0@0.00","2025/04/24 14:33:16 (香港)","限价单","当日有效","允许","","","","港股","HKD","","","","","","","","","","","",""
"买入","00981","中芯国际","44.80","500","22,400.00","已撤单","0@0.00","2025/04/24 11:17:14 (香港)","限价单","当日有效","允许","","","","港股","HKD","","","","","","","","","","","",""
"卖出","SQQQ","三倍做空纳指ETF-ProShares","35.80","50","1,790.00","全部成交","50@35.80","2025/04/23 15:05:47 (美东)","限价单","当日有效","","盘前+盘中+盘后","","","美股","USD","","0.99","1","0.15","","","","","0.05","0.01","","2.2"
"买入","SQQQ","三倍做空纳指ETF-ProShares","33.40","50","1,670.00","已撤单","0@0.00","2025/04/23 10:36:46 (美东)","限价单","当日有效","","盘前+盘中+盘后","","","美股","USD","","","","","","","","","","","",""
"买入","SQQQ","三倍做空纳指ETF-ProShares","33.55","50","1,677.50","全部成交","50@33.55","2025/04/23 10:26:37 (美东)","限价单","当日有效","","盘前+盘中+盘后","","","美股","USD","","0.99","1","0.15","","","","","","","","2.14"
"买入","SQQQ","三倍做空纳指ETF-ProShares","33.70","20","674.00","全部成交","20@33.70","2025/04/23 09:50:05 (美东)","限价单","当日有效","","盘前+盘中+盘后","","","美股","USD","","0.99","1","0.06","","","","","","","","2.05"
"买入","SQQQ","三倍做空纳指ETF-ProShares","33.90","20","678.00","全部成交","20@33.90","2025/04/23 09:38:54 (美东)","限价单","当日有效","","盘前+盘中+盘后","","","美股","USD","","0.99","1","0.06","","","","","","","","2.05"
"买入","SQQQ","三倍做空纳指ETF-ProShares","34.45","10","344.50","全部成交","10@34.45","2025/04/23 09:33:35 (美东)","限价单","当日有效","","盘前+盘中+盘后","","","美股","USD","","0.99","1","0.03","","","","","","","","2.02"
"买入","SQQQ","三倍做空纳指ETF-ProShares","34.50","10","345.00","已撤单","0@0.00","2025/04/23 09:32:16 (美东)","限价单","当日有效","","盘前+盘中+盘后","","","美股","USD","","","","","","","","","","","",""
"卖空","00981","中芯国际","48.00","500","24,000.00","已撤单","0@0.00","2025/04/23 13:16:52 (香港)","限价单","当日有效","允许","","","","港股","HKD","","","","","","","","","","","",""
"卖出","SOXL","三倍做多半导体ETF-Direxion","9.30","100","930.00","全部成交","100@9.30","2025/04/22 11:04:06 (美东)","限价单","当日有效","","盘前+盘中+盘后","","","美股","USD","","0.99","1","0.3","","","","","0.03","0.02","","2.34"
"卖出","NVDA","英伟达","99.20","15","1,488.00","全部成交","15@99.20","2025/04/22 09:46:03 (美东)","限价单","当日有效","","盘前+盘中+盘后","","","美股","USD","","0.99","1","0.05","","","","","0.04","0.01","","2.09"
"卖出","SOXL","三倍做多半导体ETF-Direxion","9.24","100","924.00","全部成交","100@9.24","2025/04/22 09:43:39 (美东)","限价单","当日有效","","盘前+盘中+盘后","","","美股","USD","","0.99","1","0.3","","","","","0.03","0.02","","2.34"
"卖出","NVDA","英伟达","98.18","25","2,454.50","全部成交","25@98.18","2025/04/22 05:04:39 (美东)","限价单","当日有效","","盘前+盘中+盘后","","","美股","USD","","0.99","1","0.08","","","","","0.07","0.01","","2.15"
"卖出","SOXL","三倍做多半导体ETF-Direxion","8.77","300","2,631.00","全部成交","300@8.77","2025/04/21 20:30:23 (美东)","限价单","当日有效","","全时段","","","美股","USD","","1.47","1.5","0.9","","","","","0.07","0.05","","3.99"
"买入","SOXL","三倍做多半导体ETF-Direxion","8.18","100","818.00","全部成交","100@8.18","2025/04/21 11:50:49 (美东)","限价单","当日有效","","盘前+盘中+盘后","","","美股","USD","","0.99","1","0.3","","","","","","","","2.29"
"买入","SOXL","三倍做多半导体ETF-Direxion","8.21","50","410.50","全部成交","50@8.21","2025/04/21 11:37:09 (美东)","限价单","当日有效","","盘前+盘中+盘后","","","美股","USD","","0.99","1","0.15","","","","","","","","2.14"
"买入","SOXL","三倍做多半导体ETF-Direxion","8.25","50","412.50","全部成交","50@8.25","2025/04/21 11:32:49 (美东)","限价单","当日有效","","盘前+盘中+盘后","","","美股","USD","","0.99","1","0.15","","","","","","","","2.14"
"买入","NVDA","英伟达","95.70","20","1,914.00","已撤单","0@0.00","2025/04/21 10:53:24 (美东)","限价单","当日有效","","盘前+盘中+盘后","","","美股","USD","","","","","","","","","","","",""
"买入","SOXL","三倍做多半导体ETF-Direxion","8.28","50","414.00","已撤单","0@0.00","2025/04/21 10:23:10 (美东)","限价单","当日有效","","盘前+盘中+盘后","","","美股","USD","","","","","","","","","","","",""
"买入","SOXL","三倍做多半导体ETF-Direxion","8.28","100","828.00","已撤单","0@0.00","2025/04/21 10:19:19 (美东)","限价单","当日有效","","盘前+盘中+盘后","","","美股","USD","","","","","","","","","","","",""
"买入","NVDA","英伟达","96.20","10","962.00","全部成交","10@96.20","2025/04/21 10:12:38 (美东)","限价单","当日有效","","盘前+盘中+盘后","","","美股","USD","","0.99","1","0.03","","","","","","","","2.02"
"买入","NVDA","英伟达","96.50","10","965.00","已撤单","0@0.00","2025/04/21 10:07:44 (美东)","限价单","当日有效","","盘前+盘中+盘后","","","美股","USD","","","","","","","","","","","",""
"买入","NVDA","英伟达","96.45","10","964.50","全部成交","10@96.45","2025/04/21 10:03:35 (美东)","限价单","当日有效","","盘前+盘中+盘后","","","美股","USD","","0.99","1","0.03","","","","","","","","2.02"
"买入","SOXL","三倍做多半导体ETF-Direxion","8.36","50","418.00","全部成交","50@8.36","2025/04/21 10:02:21 (美东)","限价单","当日有效","","盘前+盘中+盘后","","","美股","USD","","0.99","1","0.15","","","","","","","","2.14"
"买入","SOXL","三倍做多半导体ETF-Direxion","8.42","50","421.00","全部成交","50@8.42","2025/04/21 09:58:44 (美东)","限价单","当日有效","","盘前+盘中+盘后","","","美股","USD","","0.99","1","0.15","","","","","","","","2.14"
"买入","NVDA","英伟达","96.80","10","968.00","已撤单","0@0.00","2025/04/21 09:57:53 (美东)","限价单","当日有效","","盘前+盘中+盘后","","","美股","USD","","","","","","","","","","","",""
"买入","NVDA","英伟达","96.80","20","1,936.00","已撤单","0@0.00","2025/04/21 09:57:04 (美东)","限价单","当日有效","","盘前+盘中+盘后","","","美股","USD","","","","","","","","","","","",""
"买入","NVDA","英伟达","97.10","10","971.00","全部成交","10@97.10","2025/04/21 09:55:52 (美东)","限价单","当日有效","","盘前+盘中+盘后","","","美股","USD","","0.99","1","0.03","","","","","","","","2.02"
"买入","SOXL","三倍做多半导体ETF-Direxion","8.50","50","425.00","全部成交","50@8.50","2025/04/21 09:43:37 (美东)","限价单","当日有效","","盘前+盘中+盘后","","","美股","USD","","0.99","1","0.15","","","","","","","","2.14"
"买入","NVDA","英伟达","97.80","10","978.00","全部成交","10@97.80","2025/04/21 09:36:51 (美东)","限价单","当日有效","","盘前+盘中+盘后","","","美股","USD","","0.99","1","0.03","","","","","","","","2.02"
"卖出","NVDA","英伟达","99.10","10","991.00","全部成交","10@99.10","2025/04/21 09:34:42 (美东)","限价单","当日有效","","盘前+盘中+盘后","","","美股","USD","","0.99","1","0.03","","","","","0.03","0.01","","2.06"
"买入","SOXL","三倍做多半导体ETF-Direxion","8.55","50","427.50","已撤单","0@0.00","2025/04/21 09:30:54 (美东)","限价单","当日有效","","盘前+盘中+盘后","","","美股","USD","","","","","","","","","","","",""
"买入","SOXL","三倍做多半导体ETF-Direxion","8.56","50","428.00","已撤单","0@0.00","2025/04/21 08:07:23 (美东)","限价单","当日有效","","盘前+盘中+盘后","","","美股","USD","","","","","","","","","","","",""
"买入","SOXL","三倍做多半导体ETF-Direxion","8.56","50","428.00","已撤单","0@0.00","2025/04/21 07:56:25 (美东)","限价单","当日有效","","盘前+盘中+盘后","","","美股","USD","","","","","","","","","","","",""
"买入","NVDA","英伟达","97.90","10","979.00","全部成交","10@97.90","2025/04/21 06:10:50 (美东)","限价单","当日有效","","盘前+盘中+盘后","","","美股","USD","","0.99","1","0.03","","","","","","","","2.02"
"买入","SOXL","三倍做多半导体ETF-Direxion","8.72","50","436.00","全部成交","50@8.72","2025/04/21 04:17:38 (美东)","限价单","当日有效","","盘前+盘中+盘后","","","美股","USD","","0.99","1","0.15","","","","","","","","2.14"
"买入","IQ","爱奇艺","1.61","12,500","20,125.00","已撤单","0@0.00","2025/04/17 11:18:22 (美东)","限价单","当日有效","","盘前+盘中+盘后","","","美股","USD","","","","","","","","","","","",""
"买入","SOXL","三倍做多半导体ETF-Direxion","8.95","100","895.00","已撤单","0@0.00","2025/04/17 11:04:43 (美东)","限价单","当日有效","","盘前+盘中+盘后","","","美股","USD","","","","","","","","","","","",""
"买入","NVDA","英伟达","100.08","10","1,000.80","全部成交","10@100.08","2025/04/17 11:02:55 (美东)","限价单","当日有效","","盘前+盘中+盘后","","","美股","USD","","0.99","1","0.03","","","","","","","","2.02"
"买入","SOXL","三倍做多半导体ETF-Direxion","8.85","100","885.00","已撤单","0@0.00","2025/04/17 10:59:54 (美东)","限价单","当日有效","","盘前+盘中+盘后","","","美股","USD","","","","","","","","","","","",""
"买入","NVDA","英伟达","100.20","20","2,004.00","已撤单","0@0.00","2025/04/17 10:56:45 (美东)","限价单","当日有效","","盘前+盘中+盘后","","","美股","USD","","","","","","","","","","","",""
"买入","NVDA","英伟达","100.34","10","1,003.40","已撤单","0@0.00","2025/04/17 10:53:19 (美东)","限价单","当日有效","","盘前+盘中+盘后","","","美股","USD","","","","","","","","","","","",""
"买入","NVDA","英伟达","100.40","10","1,004.00","已撤单","0@0.00","2025/04/17 10:44:13 (美东)","限价单","当日有效","","盘前+盘中+盘后","","","美股","USD","","","","","","","","","","","",""
"买入","SOXL","三倍做多半导体ETF-Direxion","9.02","50","451.00","全部成交","50@9.02","2025/04/17 10:35:19 (美东)","限价单","当日有效","","盘前+盘中+盘后","","","美股","USD","","0.99","1","0.15","","","","","","","","2.14"
"买入","GLD","黄金ETF-SPDR","306.00","85","26,010.00","全部成交","85@306.00","2025/04/16 21:55:28 (美东)","限价单","当日有效","","全时段","","","美股","USD","","0.99","1","0.26","","","","","","","","2.25"
"买入","GLD","黄金ETF-SPDR","308.50","85","26,222.50","已撤单","0@0.00","2025/04/16 19:56:53 (美东)","限价单","当日有效","","盘前+盘中+盘后","","","美股","USD","","","","","","","","","","","",""
"卖空","GLD","黄金ETF-SPDR","306.20","85","26,027.00","全部成交","85@306.20","2025/04/16 11:41:36 (美东)","限价单","当日有效","","盘前+盘中+盘后","","","美股","USD","","0.99","1","0.26","","","","","0.72","0.01","","2.98"
"买入","NVDA","英伟达","103.40","10","1,034.00","已撤单","0@0.00","2025/04/16 11:08:20 (美东)","限价单","当日有效","","盘前+盘中+盘后","","","美股","USD","","","","","","","","","","","",""
"买入","SOXL","三倍做多半导体ETF-Direxion","9.11","50","455.50","已撤单","0@0.00","2025/04/16 04:18:55 (美东)","限价单","当日有效","","盘前+盘中+盘后","","","美股","USD","","","","","","","","","","","",""
"买入","SOXL","三倍做多半导体ETF-Direxion","9.18","50","459.00","全部成交","50@9.18","2025/04/16 01:35:29 (美东)","限价单","当日有效","","全时段","","","美股","USD","","0.99","1","0.15","","","","","","","","2.14"
"买入","00981","中芯国际","44.00","500","22,000.00","已撤单","0@0.00","2025/04/16 10:23:50 (香港)","限价单","当日有效","允许","","","","港股","HKD","","","","","","","","","","","",""
"卖空","00981","中芯国际","47.60","500","23,800.00","已撤单","0@0.00","2025/04/16 09:31:44 (香港)","限价单","当日有效","允许","","","","港股","HKD","","","","","","","","","","","",""
"卖空","AVGO","博通","182.30","20","3,646.00","已撤单","0@0.00","2025/04/15 10:13:50 (美东)","限价单","当日有效","","盘前+盘中+盘后","","","美股","USD","","","","","","","","","","","",""
"卖出","SOXL","三倍做多半导体ETF-Direxion","10.96","100","1,096.00","全部成交","100@10.96","2025/04/15 09:46:55 (美东)","限价单","当日有效","","盘前+盘中+盘后","","","美股","USD","","0.99","1","0.3","","","","","0.03","0.02","","2.34"
"买入","AMZN","亚马逊","180.00","10","1,800.00","已撤单","0@0.00","2025/04/14 12:12:47 (美东)","限价单","当日有效","","盘前+盘中+盘后","","","美股","USD","","","","","","","","","","","",""
"买入","PDD","拼多多","88.00","25","2,200.00","已撤单","0@0.00","2025/04/11 11:30:13 (美东)","限价单","当日有效","","盘前+盘中+盘后","","","美股","USD","","","","","","","","","","","",""
"买入","TLT","20+年以上美国国债ETF-iShares","84.70","25","2,117.50","已撤单","0@0.00","2025/04/11 11:05:13 (美东)","限价单","当日有效","","盘前+盘中+盘后","","","美股","USD","","","","","","","","","","","",""
"买入","00981","中芯国际","46.90","2,500","117,250.00","全部成交","2,500@46.90","2025/04/11 14:39:28 (香港)","限价单","当日有效","允许","","","","港股","HKD","","35.18","15","2.35","118","6.62","3.17","0.18","","","","180.5"
"卖空","00981","中芯国际","47.80","500","23,900.00","全部成交","500@47.80","2025/04/11 11:41:59 (香港)","限价单","当日有效","允许","","","","港股","HKD","","7.17","15","2","24","1.35","0.65","0.04","","","","50.21"
"卖空","00981","中芯国际","47.60","500","23,800.00","已撤单","0@0.00","2025/04/11 11:33:30 (香港)","限价单","当日有效","允许","","","","港股","HKD","","","","","","","","","","","",""
"卖空","00981","中芯国际","47.30","500","23,650.00","全部成交","500@47.30","2025/04/11 11:30:08 (香港)","限价单","当日有效","允许","","","","港股","HKD","","7.1","15","2","24","1.34","0.64","0.04","","","","50.12"
"卖空","00981","中芯国际","46.90","500","23,450.00","全部成交","500@46.90","2025/04/11 11:19:26 (香港)","限价单","当日有效","允许","","","","港股","HKD","","7.04","15","2","24","1.32","0.63","0.04","","","","50.03"
"卖空","00981","中芯国际","46.30","500","23,150.00","全部成交","500@46.30","2025/04/11 09:54:42 (香港)","限价单","当日有效","允许","","","","港股","HKD","","6.95","15","2","24","1.31","0.63","0.03","","","","49.92"
"卖空","00981","中芯国际","45.40","500","22,700.00","全部成交","500@45.40","2025/04/11 09:34:51 (香港)","限价单","当日有效","允许","","","","港股","HKD","","6.81","15","2","23","1.28","0.61","0.03","","","","48.73"
"卖空","XPEV","小鹏汽车","18.74","500","9,370.00","已撤单","0@0.00","2025/04/10 14:50:59 (美东)","限价单","当日有效","","盘前+盘中+盘后","","","美股","USD","","","","","","","","","","","",""
"卖出","SOXL","三倍做多半导体ETF-Direxion","9.93","100","993.00","已撤单","0@0.00","2025/04/10 14:45:01 (美东)","限价单","当日有效","","盘前+盘中+盘后","","","美股","USD","","","","","","","","","","","",""
"卖出","SOXL","三倍做多半导体ETF-Direxion","9.80","695","6,811.00","全部成交","695@9.80","2025/04/10 14:32:09 (美东)","限价单","当日有效","","盘前+盘中+盘后","","","美股","USD","","3.41","3.48","2.09","","","","","0.19","0.12","","9.29"
"卖出","SOXL","三倍做多半导体ETF-Direxion","9.85","1,000","9,850.00","全部成交","1,000@9.85","2025/04/10 14:05:49 (美东)","限价单","当日有效","","盘前+盘中+盘后","","","美股","USD","","4.9","5","3","","","","","0.27","0.17","","13.34"
"卖出","SOXL","三倍做多半导体ETF-Direxion","10.10","1,000","10,100.00","已撤单","0@0.00","2025/04/10 13:51:51 (美东)","限价单","当日有效","","盘前+盘中+盘后","","","美股","USD","","","","","","","","","","","",""
"卖出","SOXL","三倍做多半导体ETF-Direxion","9.90","1,895","18,760.50","已撤单","0@0.00","2025/04/10 13:19:51 (美东)","限价单","当日有效","","盘前+盘中+盘后","","","美股","USD","","","","","","","","","","","",""
"买入","SOXL","三倍做多半导体ETF-Direxion","8.94","80","715.20","全部成交","80@8.94","2025/04/10 12:14:39 (美东)","限价单","当日有效","","盘前+盘中+盘后","","","美股","USD","","0.99","1","0.24","","","","","","","","2.23"
"卖出","TLT","20+年以上美国国债ETF-iShares","87.00","25","2,175.00","全部成交","25@87.00","2025/04/10 12:13:40 (美东)","限价单","当日有效","","盘前+盘中+盘后","","","美股","USD","","0.99","1","0.08","","","","","0.06","0.01","","2.14"
"卖出","TLT","20+年以上美国国债ETF-iShares","86.98","25","2,174.50","已撤单","0@0.00","2025/04/10 12:06:20 (美东)","限价单","当日有效","","盘前+盘中+盘后","","","美股","USD","","","","","","","","","","","",""
"买入","SOXL","三倍做多半导体ETF-Direxion","9.20","385","3,542.00","全部成交","385@9.20","2025/04/10 11:51:57 (美东)","限价单","当日有效","","盘前+盘中+盘后","","","美股","USD","","1.89","1.93","1.16","","","","","","","","4.98"
"卖出","PDD","拼多多","90.01","75","6,750.75","全部成交","75@90.01","2025/04/10 11:51:39 (美东)","限价单","当日有效","","盘前+盘中+盘后","","","美股","USD","","0.99","1","0.23","","","","","0.19","0.01","","2.42"
"买入","SOXL","三倍做多半导体ETF-Direxion","9.30","430","3,999.00","全部成交","430@9.30","2025/04/10 11:48:30 (美东)","限价单","当日有效","","盘前+盘中+盘后","","","美股","USD","","2.11","2.15","1.29","","","","","","","","5.55"
"买入","SOXL","三倍做多半导体ETF-Direxion","9.44","500","4,720.00","全部成交","500@9.44","2025/04/10 11:32:07 (美东)","限价单","当日有效","","盘前+盘中+盘后","","","美股","USD","","2.45","2.5","1.5","","","","","","","","6.45"
"买入","SOXL","三倍做多半导体ETF-Direxion","9.55","500","4,775.00","全部成交","500@9.55","2025/04/10 11:23:31 (美东)","限价单","当日有效","","盘前+盘中+盘后","","","美股","USD","","2.45","2.5","1.5","","","","","","","","6.45"
"买入","SOXL","三倍做多半导体ETF-Direxion","9.68","1,000","9,680.00","已撤单","0@0.00","2025/04/10 11:17:27 (美东)","限价单","当日有效","","盘前+盘中+盘后","","","美股","USD","","","","","","","","","","","",""
"买入","PDD","拼多多","90.00","25","2,250.00","全部成交","25@90.00","2025/04/10 11:08:11 (美东)","限价单","当日有效","","盘前+盘中+盘后","","","美股","USD","","0.99","1","0.08","","","","","","","","2.07"
"买入","PDD","拼多多","90.30","50","4,515.00","已撤单","0@0.00","2025/04/10 11:06:42 (美东)","限价单","当日有效","","盘前+盘中+盘后","","","美股","USD","","","","","","","","","","","",""
"买入","PDD","拼多多","90.90","25","2,272.50","全部成交","25@90.90","2025/04/10 09:42:30 (美东)","限价单","当日有效","","盘前+盘中+盘后","","","美股","USD","","0.99","1","0.08","","","","","","","","2.07"
"买入","PDD","拼多多","91.80","25","2,295.00","全部成交","25@91.80","2025/04/10 09:33:34 (美东)","限价单","当日有效","","盘前+盘中+盘后","","","美股","USD","","0.99","1","0.08","","","","","","","","2.07"
"买入","DIS","迪士尼","89.11","50","4,455.50","全部成交","50@89.11","2025/04/10 08:49:20 (美东)","限价单","当日有效","","盘前+盘中+盘后","","","美股","USD","","0.99","1","0.15","","","","","","","","2.14"
"卖空","DIS","迪士尼","89.98","50","4,499.00","全部成交","50@89.98","2025/04/10 06:19:47 (美东)","限价单","当日有效","","盘前+盘中+盘后","","","美股","USD","","0.99","1","0.15","","","","","0.13","0.02","","2.29"
"买入","00981","中芯国际","43.70","1,000","43,700.00","全部成交","1,000@43.70","2025/04/10 14:46:26 (香港)","限价单","当日有效","允许","","","","港股","HKD","","13.11","15","2","44","2.47","1.18","0.07","","","","77.83"
"买入","00981","中芯国际","44.05","1,000","44,050.00","全部成交","1,000@44.05","2025/04/10 11:41:22 (香港)","限价单","当日有效","允许","","","","港股","HKD","","13.22","15","2","45","2.49","1.19","0.07","","","","78.97"
"买入","00981","中芯国际","44.20","1,000","44,200.00","全部成交","1,000@44.20","2025/04/10 11:40:56 (香港)","限价单","当日有效","允许","","","","港股","HKD","","13.26","15","2","45","2.5","1.19","0.07","","","","79.02"
"买入","00981","中芯国际","44.40","2,000","88,800.00","已撤单","0@0.00","2025/04/10 11:28:05 (香港)","限价单","当日有效","允许","","","","港股","HKD","","","","","","","","","","","",""
"卖空","00981","中芯国际","46.70","1,000","46,700.00","已撤单","0@0.00","2025/04/10 10:03:33 (香港)","限价单","当日有效","允许","","","","港股","HKD","","","","","","","","","","","",""
"卖出","PDD","拼多多","97.95","25","2,448.75","全部成交","25@98.00","2025/04/09 21:57:12 (美东)","限价单","当日有效","","全时段","","","美股","USD","","0.99","1","0.08","","","","","0.07","0.01","","2.15"
"卖空","00981","中芯国际","46.30","1,000","46,300.00","全部成交","1,000@46.30","2025/04/10 09:54:01 (香港)","限价单","当日有效","允许","","","","港股","HKD","","13.89","15","2","47","2.62","1.25","0.07","","","","81.83"
"卖空","00981","中芯国际","45.90","500","22,950.00","全部成交","500@45.90","2025/04/10 09:50:38 (香港)","限价单","当日有效","允许","","","","港股","HKD","","6.89","15","2","23","1.3","0.62","0.03","","","","48.84"
"卖空","00981","中芯国际","45.60","500","22,800.00","全部成交","500@45.60","2025/04/10 09:49:40 (香港)","限价单","当日有效","允许","","","","港股","HKD","","6.84","15","2","23","1.29","0.62","0.03","","","","48.78"
"卖空","00981","中芯国际","45.30","500","22,650.00","全部成交","500@45.30","2025/04/10 09:31:17 (香港)","限价单","当日有效","允许","","","","港股","HKD","","6.8","15","2","23","1.28","0.61","0.03","","","","48.72"
"卖出","PDD","拼多多","97.60","25","2,440.00","全部成交","25@97.60","2025/04/09 19:31:12 (美东)","限价单","当日有效","","盘前+盘中+盘后","","","美股","USD","","0.99","1","0.08","","","","","0.07","0.01","","2.15"
"买入","PDD","拼多多","88.50","30","2,655.00","全部成交","30@88.50","2025/04/09 10:57:03 (美东)","限价单","当日有效","","盘前+盘中+盘后","","","美股","USD","","0.99","1","0.09","","","","","","","","2.08"
"买入","PDD","拼多多","89.50","20","1,790.00","全部成交","20@89.50","2025/04/09 10:41:05 (美东)","限价单","当日有效","","盘前+盘中+盘后","","","美股","USD","","0.99","1","0.06","","","","","","","","2.05"
"买入","PDD","拼多多","89.70","20","1,794.00","已撤单","0@0.00","2025/04/09 10:40:33 (美东)","限价单","当日有效","","盘前+盘中+盘后","","","美股","USD","","","","","","","","","","","",""
"卖空","AVGO","博通","166.30","25","4,157.50","已撤单","0@0.00","2025/04/09 09:44:57 (美东)","限价单","当日有效","","盘前+盘中+盘后","","","美股","USD","","","","","","","","","","","",""
"卖空","AVGO","博通","166.30","25","4,157.50","已撤单","0@0.00","2025/04/09 09:44:42 (美东)","限价单","当日有效","","盘前+盘中+盘后","","","美股","USD","","","","","","","","","","","",""
"卖出","TLT","20+年以上美国国债ETF-iShares","86.60","25","2,165.00","全部成交","25@86.60","2025/04/09 09:14:41 (美东)","限价单","当日有效","","盘前+盘中+盘后","","","美股","USD","","0.99","1","0.08","","","","","0.06","0.01","","2.14"
"卖空","00981","中芯国际","43.20","500","21,600.00","全部成交","500@43.20","2025/04/09 13:51:23 (香港)","限价单","当日有效","允许","","","","港股","HKD","","6.48","15","2","22","1.22","0.58","0.03","","","","47.31"
"卖空","00981","中芯国际","42.75","500","21,375.00","全部成交","500@42.75","2025/04/09 13:43:09 (香港)","限价单","当日有效","允许","","","","港股","HKD","","6.41","15","2","22","1.21","0.58","0.03","","","","47.23"
"卖空","00981","中芯国际","42.65","500","21,325.00","已撤单","0@0.00","2025/04/09 13:40:33 (香港)","限价单","当日有效","允许","","","","港股","HKD","","","","","","","","","","","",""
"卖空","00981","中芯国际","42.60","500","21,300.00","已撤单","0@0.00","2025/04/09 13:38:35 (香港)","限价单","当日有效","允许","","","","港股","HKD","","","","","","","","","","","",""
"卖出","TLT","20+年以上美国国债ETF-iShares","86.08","150","12,912.00","全部成交","150@86.08","2025/04/09 01:20:21 (美东)","限价单","当日有效","","全时段","","","美股","USD","","0.99","1","0.46","","","","","0.36","0.06","","2.87"
"卖出","TLT","20+年以上美国国债ETF-iShares","85.95","325","27,933.75","全部成交","325@85.95","2025/04/09 01:16:49 (美东)","限价单","当日有效","","全时段","","","美股","USD","","1.59","1.63","0.98","","","","","0.78","0.05","","5.03"
"卖出","TLT","20+年以上美国国债ETF-iShares","85.90","125","10,737.50","已撤单","0@0.00","2025/04/09 01:11:57 (美东)","限价单","当日有效","","全时段","","","美股","USD","","","","","","","","","","","",""
"卖出","TLT","20+年以上美国国债ETF-iShares","85.98","500","42,990.00","已撤单","0@0.00","2025/04/09 01:08:57 (美东)","限价单","当日有效","","全时段","","","美股","USD","","","","","","","","","","","",""
"买入","TLT","20+年以上美国国债ETF-iShares","84.80","50","4,240.00","全部成交","50@84.80","2025/04/09 00:06:42 (美东)","限价单","当日有效","","全时段","","","美股","USD","","0.99","1","0.15","","","","","","","","2.14"
"卖出","XYZ","Block","47.55","50","2,377.50","全部成交","50@47.5906","2025/04/09 00:04:10 (美东)","限价单","当日有效","","全时段","","","美股","USD","","0.99","1","0.15","","","","","0.09","0.04","","2.27"
"买入","TLT","20+年以上美国国债ETF-iShares","85.02","35","2,975.70","全部成交","35@85.02","2025/04/08 23:58:51 (美东)","限价单","当日有效","","全时段","","","美股","USD","","0.99","1","0.11","","","","","","","","2.1"
"买入","TLT","20+年以上美国国债ETF-iShares","85.10","40","3,404.00","下单失败","0@0.00","2025/04/08 23:57:49 (美东)","限价单","当日有效","","全时段","","","美股","USD","","","","","","","","","","","",""
"买入","TLT","20+年以上美国国债ETF-iShares","85.55","40","3,422.00","已撤单","0@0.00","2025/04/08 23:44:13 (美东)","限价单","当日有效","","全时段","","","美股","USD","","","","","","","","","","","",""
"买入","TLT","20+年以上美国国债ETF-iShares","85.88","440","37,787.20","全部成交","440@85.88","2025/04/08 23:19:52 (美东)","限价单","当日有效","","全时段","","","美股","USD","","2.16","2.2","1.32","","","","","","","","5.68"
"卖空","00981","中芯国际","44.00","500","22,000.00","已撤单","0@0.00","2025/04/09 10:18:04 (香港)","限价单","当日有效","允许","","","","港股","HKD","","","","","","","","","","","",""
"卖空","00981","中芯国际","43.50","500","21,750.00","全部成交","500@43.50","2025/04/09 10:02:46 (香港)","限价单","当日有效","允许","","","","港股","HKD","","6.53","15","2","22","1.23","0.59","0.03","","","","47.38"
"买入","TLT","20+年以上美国国债ETF-iShares","86.48","470","40,645.60","已撤单","0@0.00","2025/04/08 21:47:55 (美东)","限价单","当日有效","","全时段","","","美股","USD","","","","","","","","","","","",""
"买入","XYZ","Block","47.00","50","2,350.00","已撤单","0@0.00","2025/04/08 21:39:16 (美东)","限价单","当日有效","","全时段","","","美股","USD","","","","","","","","","","","",""
"买入","TLT","20+年以上美国国债ETF-iShares","87.76","500","43,880.00","已撤单","0@0.00","2025/04/08 18:01:14 (美东)","限价单","当日有效","","盘前+盘中+盘后","","","美股","USD","","","","","","","","","","","",""
"买入","PDD","拼多多","91.60","360","32,976.00","已撤单","0@0.00","2025/04/08 17:48:38 (美东)","限价单","当日有效","","盘前+盘中+盘后","","","美股","USD","","","","","","","","","","","",""
"买入","TLT","20+年以上美国国债ETF-iShares","87.76","500","43,880.00","已撤单","0@0.00","2025/04/08 17:20:24 (美东)","限价单","当日有效","","盘前+盘中+盘后","","","美股","USD","","","","","","","","","","","",""
"买入","IQ","爱奇艺","1.54","14,000","21,560.00","已撤单","0@0.00","2025/04/08 13:19:06 (美东)","限价单","当日有效","","盘前+盘中+盘后","","","美股","USD","","","","","","","","","","","",""
"买入","AMD","美国超微公司","81.70","100","8,170.00","已撤单","0@0.00","2025/04/08 13:13:52 (美东)","限价单","当日有效","","盘前+盘中+盘后","","","美股","USD","","","","","","","","","","","",""
"买入","GOOG","谷歌-C","148.80","120","17,856.00","已撤单","0@0.00","2025/04/08 13:12:53 (美东)","限价单","当日有效","","盘前+盘中+盘后","","","美股","USD","","","","","","","","","","","",""
"买入","XYZ","Block","49.80","50","2,490.00","全部成交","50@49.80","2025/04/08 13:11:27 (美东)","限价单","当日有效","","盘前+盘中+盘后","","","美股","USD","","0.99","1","0.15","","","","","","","","2.14"
"买入","IQ","爱奇艺","1.55","15,000","23,250.00","已撤单","0@0.00","2025/04/08 13:07:16 (美东)","限价单","当日有效","","盘前+盘中+盘后","","","美股","USD","","","","","","","","","","","",""
"买入","GOOG","谷歌-C","149.60","240","35,904.00","已撤单","0@0.00","2025/04/08 13:05:07 (美东)","限价单","当日有效","","盘前+盘中+盘后","","","美股","USD","","","","","","","","","","","",""
"买入","IQ","爱奇艺","1.54","15,000","23,100.00","已撤单","0@0.00","2025/04/08 12:55:29 (美东)","限价单","当日有效","","盘前+盘中+盘后","","","美股","USD","","","","","","","","","","","",""
"买入","IQ","爱奇艺","1.56","15,000","23,400.00","已撤单","0@0.00","2025/04/08 12:37:47 (美东)","限价单","当日有效","","盘前+盘中+盘后","","","美股","USD","","","","","","","","","","","",""
"买入","AVGO","博通","162.20","221","35,846.20","全部成交","221@162.20","2025/04/08 10:23:53 (美东)","限价单","撤单前有效","","盘前+盘中+盘后","","","美股","USD","","1.08","1.11","0.66","","","","","","","","2.85"
"买入","AVGO","博通","162.00","200","32,400.00","已撤单","0@0.00","2025/04/08 09:25:54 (美东)","限价单","当日有效","","盘前+盘中+盘后","","","美股","USD","","","","","","","","","","","",""
"买入","AVGO","博通","162.01","171","27,703.71","已撤单","0@0.00","2025/04/08 08:54:01 (美东)","限价单","当日有效","","盘前+盘中+盘后","","","美股","USD","","","","","","","","","","","",""
"卖空","AVGO","博通","163.40","21","3,431.40","全部成交","21@163.40","2025/04/08 07:44:30 (美东)","限价单","当日有效","","盘前+盘中+盘后","","","美股","USD","","0.99","1","0.06","","","","","0.1","0.01","","2.16"
"卖出","NVDA","英伟达","101.38","25","2,534.50","全部成交","25@101.38","2025/04/08 07:43:41 (美东)","限价单","当日有效","","盘前+盘中+盘后","","","美股","USD","","0.99","1","0.08","","","","","0.07","0.01","","2.15"
"卖出","NVDA","英伟达","101.40","25","2,535.00","已撤单","0@0.00","2025/04/08 07:38:30 (美东)","限价单","当日有效","","盘前+盘中+盘后","","","美股","USD","","","","","","","","","","","",""
"买入","NVDA","英伟达","101.40","25","2,535.00","下单失败","0@0.00","2025/04/08 07:37:44 (美东)","限价单","当日有效","","盘前+盘中+盘后","","","美股","USD","","","","","","","","","","","",""
"卖空","AVGO","博通","162.50","200","32,500.00","全部成交","200@162.50","2025/04/08 07:35:32 (美东)","限价单","当日有效","","盘前+盘中+盘后","","","美股","USD","","0.99","1","0.6","","","","","0.9","0.03","","3.52"
"卖出","NVDA","英伟达","100.20","25","2,505.00","全部成交","25@100.20","2025/04/08 06:50:43 (美东)","限价单","当日有效","","盘前+盘中+盘后","","","美股","USD","","0.99","1","0.08","","","","","0.07","0.01","","2.15"
"卖出","NVDA","英伟达","100.55","25","2,513.75","已撤单","0@0.00","2025/04/08 03:30:00 (美东)","限价单","当日有效","","盘前+盘中+盘后","","","美股","USD","","","","","","","","","","","",""
"买入","00700","腾讯控股","428.60","700","300,020.00","已撤单","0@0.00","2025/04/08 13:49:29 (香港)","限价单","当日有效","允许","","","","港股","HKD","","","","","","","","","","","",""
"买入","00700","腾讯控股","430.40","700","301,280.00","已撤单","0@0.00","2025/04/08 13:47:33 (香港)","限价单","当日有效","允许","","","","港股","HKD","","","","","","","","","","","",""
"买入","00700","腾讯控股","435.00","100","43,500.00","已撤单","0@0.00","2025/04/08 13:25:25 (香港)","限价单","当日有效","允许","","","","港股","HKD","","","","","","","","","","","",""
"卖出","NVDA","英伟达","98.00","50","4,900.00","全部成交","50@98.00","2025/04/07 10:55:16 (美东)","限价单","当日有效","","盘前+盘中+盘后","","","美股","USD","","0.99","1","0.15","","","","","0.14","0.01","","2.29"
"卖出","NVDA","英伟达","89.00","80","7,120.00","全部成交","80@89.01","2025/04/07 04:30:45 (美东)","限价单","当日有效","","盘前+盘中+盘后","","","美股","USD","","0.99","1","0.24","","","","","0.2","0.01","","2.44"
"买入","XYZ","Block","46.00","50","2,300.00","已撤单","0@0.00","2025/04/07 04:04:25 (美东)","限价单","当日有效","","全时段","","","美股","USD","","","","","","","","","","","",""
"卖出","NVDA","英伟达","88.00","100","8,800.00","已撤单","0@0.00","2025/04/07 04:01:52 (美东)","限价单","当日有效","","全时段","","","美股","USD","","","","","","","","","","","",""
"买入","XYZ","Block","46.01","290","13,342.90","已撤单","0@0.00","2025/04/07 04:01:02 (美东)","限价单","当日有效","","全时段","","","美股","USD","","","","","","","","","","","",""
"买入","XYZ","Block","46.01","280","12,882.80","已撤单","0@0.00","2025/04/07 03:40:20 (美东)","限价单","当日有效","","全时段","","","美股","USD","","","","","","","","","","","",""
"卖出","XYZ","Block","46.27","50","2,313.50","全部成交","50@46.274","2025/04/07 02:56:58 (美东)","限价单","当日有效","","全时段","","","美股","USD","","0.99","1","0.15","","","","","0.07","0.02","","2.23"
"买入","NVDA","英伟达","83.70","20","1,674.00","已撤单","0@0.00","2025/04/07 02:50:20 (美东)","限价单","当日有效","","全时段","","","美股","USD","","","","","","","","","","","",""
"买入","NVDA","英伟达","85.01","30","2,550.30","全部成交","30@85.01","2025/04/07 02:30:58 (美东)","限价单","当日有效","","全时段","","","美股","USD","","0.99","1","0.08","","","","","","","","2.07"
"买入","NVDA","英伟达","85.60","50","4,280.00","全部成交","50@85.60","2025/04/07 02:14:18 (美东)","限价单","当日有效","","全时段","","","美股","USD","","0.99","1","0.15","","","","","","","","2.14"
"买入","XYZ","Block","46.11","50","2,305.50","全部成交","50@46.11","2025/04/07 01:53:35 (美东)","限价单","当日有效","","夜盘","","","美股","USD","","0.99","1","0.15","","","","","","","","2.14"
"买入","XYZ","Block","46.25","100","4,625.00","已撤单","0@0.00","2025/04/07 01:51:35 (美东)","限价单","当日有效","","夜盘","","","美股","USD","","","","","","","","","","","",""
"买入","NVDA","英伟达","86.01","25","2,150.25","全部成交","25@86.01","2025/04/07 01:37:42 (美东)","限价单","当日有效","","全时段","","","美股","USD","","0.99","1","0.08","","","","","","","","2.07"
"买入","XYZ","Block","46.30","50","2,315.00","已撤单","0@0.00","2025/04/07 01:11:28 (美东)","限价单","当日有效","","夜盘","","","美股","USD","","","","","","","","","","","",""
"卖出","01519","极兔速递-W","4.78","10,000","47,800.00","全部成交","10,000@4.78","2025/04/07 13:06:53 (香港)","限价单","当日有效","允许","","","","港股","HKD","","14.34","15","2","48","2.7","1.29","0.07","","","","83.4"
"买入","XYZ","Block","46.30","50","2,315.00","已撤单","0@0.00","2025/04/07 00:50:16 (美东)","限价单","当日有效","","夜盘","","","美股","USD","","","","","","","","","","","",""
"买入","NVDA","英伟达","87.05","25","2,176.25","全部成交","25@87.05","2025/04/07 00:09:59 (美东)","限价单","当日有效","","夜盘","","","美股","USD","","0.99","1","0.08","","","","","","","","2.07"
"买入","01519","极兔速递-W","4.68","1,000","4,680.00","已撤单","0@0.00","2025/04/07 11:30:32 (香港)","限价单","当日有效","允许","","","","港股","HKD","","","","","","","","","","","",""
"买入","NVDA","英伟达","87.60","25","2,190.00","全部成交","25@87.60","2025/04/06 23:26:25 (美东)","限价单","当日有效","","夜盘","","","美股","USD","","0.99","1","0.08","","","","","","","","2.07"
"买入","NVDA","英伟达","87.60","25","2,190.00","已撤单","0@0.00","2025/04/06 23:26:20 (美东)","限价单","当日有效","","盘前+盘中+盘后","","","美股","USD","","","","","","","","","","","",""
"买入","01519","极兔速递-W","4.73","2,000","9,460.00","已撤单","0@0.00","2025/04/07 11:13:13 (香港)","限价单","当日有效","允许","","","","港股","HKD","","","","","","","","","","","",""
"买入","01519","极兔速递-W","4.77","4,000","19,080.00","已撤单","0@0.00","2025/04/07 10:11:36 (香港)","限价单","当日有效","允许","","","","港股","HKD","","","","","","","","","","","",""
"买入","01519","极兔速递-W","4.83","4,000","19,320.00","全部成交","4,000@4.83","2025/04/07 09:49:49 (香港)","限价单","当日有效","允许","","","","港股","HKD","","5.8","15","2","20","1.09","0.52","0.03","","","","44.44"
"卖出","NVDA","英伟达","92.61","50","4,630.50","全部成交","50@92.61","2025/04/04 19:57:51 (美东)","限价单","当日有效","","盘前+盘中+盘后","","","美股","USD","","0.99","1","0.15","","","","","0.13","0.01","","2.28"
"买入","NVDA","英伟达","92.80","25","2,320.00","已撤单","0@0.00","2025/04/04 12:35:37 (美东)","限价单","当日有效","","盘前+盘中+盘后","","","美股","USD","","","","","","","","","","","",""
"买入","IQ","爱奇艺","1.80","6,950","12,510.00","下单失败","0@0.00","2025/04/04 12:30:56 (美东)","限价单","当日有效","","盘前+盘中+盘后","","","美股","USD","","","","","","","","","","","",""
"买入","MU","美光科技","65.00","25","1,625.00","已撤单","0@0.00","2025/04/04 12:22:04 (美东)","限价单","当日有效","","盘前+盘中+盘后","","","美股","USD","","","","","","","","","","","",""
"买入","MU","美光科技","65.50","25","1,637.50","已撤单","0@0.00","2025/04/04 12:21:45 (美东)","限价单","当日有效","","盘前+盘中+盘后","","","美股","USD","","","","","","","","","","","",""
"买入","NVDA","英伟达","93.70","25","2,342.50","全部成交","25@93.70","2025/04/04 11:38:33 (美东)","限价单","当日有效","","盘前+盘中+盘后","","","美股","USD","","0.99","1","0.08","","","","","","","","2.07"
"买入","NVDA","英伟达","94.40","25","2,360.00","全部成交","25@94.375","2025/04/04 11:31:40 (美东)","限价单","当日有效","","盘前+盘中+盘后","","","美股","USD","","0.99","1","0.08","","","","","","","","2.07"
"卖出","NVDA","英伟达","96.00","25","2,400.00","全部成交","25@96.00","2025/04/04 11:13:42 (美东)","限价单","当日有效","","盘前+盘中+盘后","","","美股","USD","","0.99","1","0.08","","","","","0.07","0.01","","2.15"
"卖出","NVDA","英伟达","95.20","100","9,520.00","全部成交","100@95.20","2025/04/04 11:11:09 (美东)","限价单","当日有效","","盘前+盘中+盘后","","","美股","USD","","0.99","1","0.3","","","","","0.26","0.02","","2.57"
"卖出","MU","美光科技","66.40","50","3,320.00","全部成交","50@66.40","2025/04/04 11:10:07 (美东)","限价单","当日有效","","盘前+盘中+盘后","","","美股","USD","","0.99","1","0.15","","","","","0.09","0.01","","2.24"
"卖出","NVDA","英伟达","94.50","100","9,450.00","已撤单","0@0.00","2025/04/04 10:59:48 (美东)","限价单","当日有效","","盘前+盘中+盘后","","","美股","USD","","","","","","","","","","","",""
"卖出","NVDA","英伟达","94.50","100","9,450.00","已撤单","0@0.00","2025/04/04 10:59:00 (美东)","限价单","当日有效","","盘前+盘中+盘后","","","美股","USD","","","","","","","","","","","",""
"买入","MU","美光科技","64.00","50","3,200.00","已撤单","0@0.00","2025/04/04 10:51:26 (美东)","限价单","当日有效","","盘前+盘中+盘后","","","美股","USD","","","","","","","","","","","",""
"买入","NVDA","英伟达","92.60","20","1,852.00","全部成交","20@92.575","2025/04/04 10:50:28 (美东)","限价单","当日有效","","盘前+盘中+盘后","","","美股","USD","","0.99","1","0.06","","","","","","","","2.05"
"卖出","XYZ","Block","47.94","150","7,191.00","全部成交","150@47.94","2025/04/04 10:50:00 (美东)","限价单","当日有效","","盘前+盘中+盘后","","","美股","USD","","0.99","1","0.45","","","","","0.2","0.02","","2.66"
"买入","NVDA","英伟达","93.30","30","2,799.00","全部成交","30@93.30","2025/04/04 10:48:16 (美东)","限价单","当日有效","","盘前+盘中+盘后","","","美股","USD","","0.99","1","0.09","","","","","","","","2.08"
"买入","NVDA","英伟达","94.70","25","2,367.50","全部成交","25@94.70","2025/04/04 10:28:34 (美东)","限价单","当日有效","","盘前+盘中+盘后","","","美股","USD","","0.99","1","0.08","","","","","","","","2.07"
"买入","MU","美光科技","65.00","25","1,625.00","已撤单","0@0.00","2025/04/04 10:27:02 (美东)","限价单","当日有效","","盘前+盘中+盘后","","","美股","USD","","","","","","","","","","","",""
"买入","XYZ","Block","49.30","50","2,465.00","全部成交","50@49.30","2025/04/04 10:26:31 (美东)","限价单","当日有效","","盘前+盘中+盘后","","","美股","USD","","0.99","1","0.15","","","","","","","","2.14"
"买入","XYZ","Block","49.50","50","2,475.00","全部成交","50@49.50","2025/04/04 10:18:17 (美东)","限价单","当日有效","","盘前+盘中+盘后","","","美股","USD","","0.99","1","0.15","","","","","","","","2.14"
"买入","NVDA","英伟达","95.00","25","2,375.00","已撤单","0@0.00","2025/04/04 10:12:28 (美东)","限价单","当日有效","","盘前+盘中+盘后","","","美股","USD","","","","","","","","","","","",""
"买入","MU","美光科技","65.80","25","1,645.00","全部成交","25@65.80","2025/04/04 10:11:45 (美东)","限价单","当日有效","","盘前+盘中+盘后","","","美股","USD","","0.99","1","0.08","","","","","","","","2.07"
"买入","NVDA","英伟达","95.60","25","2,390.00","全部成交","25@95.60","2025/04/04 10:11:09 (美东)","限价单","当日有效","","盘前+盘中+盘后","","","美股","USD","","0.99","1","0.08","","","","","","","","2.07"
"买入","NVDA","英伟达","95.70","25","2,392.50","已撤单","0@0.00","2025/04/04 10:10:17 (美东)","限价单","当日有效","","盘前+盘中+盘后","","","美股","USD","","","","","","","","","","","",""
"买入","MU","美光科技","66.20","25","1,655.00","全部成交","25@66.20","2025/04/04 10:09:35 (美东)","限价单","当日有效","","盘前+盘中+盘后","","","美股","USD","","0.99","1","0.08","","","","","","","","2.07"
"买入","MU","美光科技","66.60","50","3,330.00","已撤单","0@0.00","2025/04/04 10:08:43 (美东)","限价单","当日有效","","盘前+盘中+盘后","","","美股","USD","","","","","","","","","","","",""
"卖出","XYZ","Block","50.30","50","2,515.00","全部成交","50@50.30","2025/04/04 09:47:27 (美东)","限价单","当日有效","","盘前+盘中+盘后","","","美股","USD","","0.99","1","0.15","","","","","0.07","0.01","","2.22"
"卖出","XYZ","Block","50.00","100","5,000.00","全部成交","100@50.00","2025/04/04 09:44:19 (美东)","限价单","当日有效","","盘前+盘中+盘后","","","美股","USD","","0.99","1","0.3","","","","","0.14","0.02","","2.45"
"买入","NVDA","英伟达","96.20","25","2,405.00","全部成交","25@96.20","2025/04/04 09:41:03 (美东)","限价单","当日有效","","盘前+盘中+盘后","","","美股","USD","","0.99","1","0.08","","","","","","","","2.07"
"买入","XYZ","Block","48.65","50","2,432.50","全部成交","50@48.65","2025/04/04 08:38:28 (美东)","限价单","当日有效","","盘前+盘中+盘后","","","美股","USD","","0.99","1","0.15","","","","","","","","2.14"
"买入","XYZ","Block","48.70","100","4,870.00","已撤单","0@0.00","2025/04/04 08:37:57 (美东)","限价单","当日有效","","盘前+盘中+盘后","","","美股","USD","","","","","","","","","","","",""
"买入","XYZ","Block","49.25","50","2,462.50","全部成交","50@49.25","2025/04/04 08:36:30 (美东)","限价单","当日有效","","盘前+盘中+盘后","","","美股","USD","","0.99","1","0.15","","","","","","","","2.14"
"买入","XYZ","Block","49.26","50","2,463.00","已撤单","0@0.00","2025/04/04 08:33:04 (美东)","限价单","当日有效","","盘前+盘中+盘后","","","美股","USD","","","","","","","","","","","",""
"买入","XYZ","Block","49.20","100","4,920.00","已撤单","0@0.00","2025/04/04 08:32:32 (美东)","限价单","当日有效","","盘前+盘中+盘后","","","美股","USD","","","","","","","","","","","",""
"买入","XYZ","Block","49.20","50","2,460.00","已撤单","0@0.00","2025/04/04 08:31:01 (美东)","限价单","当日有效","","盘前+盘中+盘后","","","美股","USD","","","","","","","","","","","",""
"卖出","NVDA","英伟达","98.20","25","2,455.00","全部成交","25@98.2006","2025/04/04 08:15:27 (美东)","限价单","当日有效","","盘前+盘中+盘后","","","美股","USD","","0.99","1","0.08","","","","","0.07","0.01","","2.15"
"买入","XYZ","Block","49.40","100","4,940.00","全部成交","100@49.40","2025/04/04 07:59:15 (美东)","限价单","当日有效","","盘前+盘中+盘后","","","美股","USD","","0.99","1","0.3","","","","","","","","2.29"
"卖出","NVDA","英伟达","97.50","50","4,875.00","全部成交","50@97.5903","2025/04/04 07:58:40 (美东)","限价单","当日有效","","盘前+盘中+盘后","","","美股","USD","","0.99","1","0.15","","","","","0.14","0.01","","2.29"
"卖出","NVDA","英伟达","96.70","100","9,670.00","全部成交","100@96.70","2025/04/04 07:51:17 (美东)","限价单","当日有效","","盘前+盘中+盘后","","","美股","USD","","0.99","1","0.3","","","","","0.27","0.02","","2.58"
"卖出","NVDA","英伟达","97.00","100","9,700.00","已撤单","0@0.00","2025/04/04 07:38:41 (美东)","限价单","当日有效","","盘前+盘中+盘后","","","美股","USD","","","","","","","","","","","",""
"买入","XYZ","Block","48.00","97","4,656.00","已撤单","0@0.00","2025/04/04 07:37:06 (美东)","限价单","当日有效","","盘前+盘中+盘后","","","美股","USD","","","","","","","","","","","",""
"买入","XYZ","Block","48.00","98","4,704.00","下单失败","0@0.00","2025/04/04 07:36:54 (美东)","限价单","当日有效","","盘前+盘中+盘后","","","美股","USD","","","","","","","","","","","",""
"买入","NVDA","英伟达","95.50","50","4,775.00","全部成交","50@95.50","2025/04/04 07:30:24 (美东)","限价单","当日有效","","盘前+盘中+盘后","","","美股","USD","","0.99","1","0.15","","","","","","","","2.14"
"买入","NVDA","英伟达","96.01","50","4,800.50","全部成交","50@96.01","2025/04/04 07:28:17 (美东)","限价单","当日有效","","盘前+盘中+盘后","","","美股","USD","","0.99","1","0.15","","","","","","","","2.14"
"买入","NVDA","英伟达","96.80","50","4,840.00","全部成交","50@96.80","2025/04/04 07:13:14 (美东)","限价单","当日有效","","盘前+盘中+盘后","","","美股","USD","","0.99","1","0.15","","","","","","","","2.14"
"买入","NVDA","英伟达","97.40","50","4,870.00","全部成交","50@97.40","2025/04/04 07:09:35 (美东)","限价单","当日有效","","盘前+盘中+盘后","","","美股","USD","","0.99","1","0.15","","","","","","","","2.14"
"买入","NVDA","英伟达","97.60","50","4,880.00","已撤单","0@0.00","2025/04/04 07:07:32 (美东)","限价单","当日有效","","盘前+盘中+盘后","","","美股","USD","","","","","","","","","","","",""
"买入","NVDA","英伟达","97.60","250","24,400.00","已撤单","0@0.00","2025/04/04 07:02:38 (美东)","限价单","当日有效","","盘前+盘中+盘后","","","美股","USD","","","","","","","","","","","",""
"买入","SBUX","星巴克","83.30","1","83.30","全部成交","1@83.30","2025/04/04 07:00:26 (美东)","限价单","当日有效","","盘前+盘中+盘后","","","美股","USD","","0.99","1","0","","","","","","","","1.99"
"买入","GOOG","谷歌-C","146.20","50","7,310.00","已撤单","0@0.00","2025/04/04 06:57:56 (美东)","限价单","当日有效","","盘前+盘中+盘后","","","美股","USD","","","","","","","","","","","",""
"买入","MU","美光科技","68.70","100","6,870.00","已撤单","0@0.00","2025/04/04 06:52:49 (美东)","限价单","当日有效","","盘前+盘中+盘后","","","美股","USD","","","","","","","","","","","",""
"买入","XYZ","Block","50.70","100","5,070.00","已撤单","0@0.00","2025/04/04 06:36:04 (美东)","限价单","当日有效","","盘前+盘中+盘后","","","美股","USD","","","","","","","","","","","",""
"买入","XYZ","Block","51.00","100","5,100.00","已撤单","0@0.00","2025/04/04 06:35:10 (美东)","限价单","当日有效","","盘前+盘中+盘后","","","美股","USD","","","","","","","","","","","",""
"买入","XYZ","Block","51.00","408","20,808.00","已撤单","0@0.00","2025/04/04 06:28:21 (美东)","限价单","当日有效","","盘前+盘中+盘后","","","美股","USD","","","","","","","","","","","",""
"卖出","MU","美光科技","70.50","338","23,829.00","全部成交","338@70.50","2025/04/04 06:23:01 (美东)","限价单","当日有效","","盘前+盘中+盘后","","","美股","USD","","1.66","1.69","1.01","","","","","0.68","0.09","","5.13"
"买入","MU","美光科技","72.00","89","6,408.00","全部成交","89@72.00","2025/04/04 06:18:14 (美东)","限价单","当日有效","","盘前+盘中+盘后","","","美股","USD","","0.99","1","0.27","","","","","","","","2.26"
"卖出","GOOG","谷歌-C","150.14","50","7,507.00","全部成交","50@150.14","2025/04/04 06:16:49 (美东)","限价单","当日有效","","盘前+盘中+盘后","","","美股","USD","","0.99","1","0.15","","","","","0.21","0.01","","2.36"
"买入","MU","美光科技","72.85","49","3,569.65","全部成交","49@72.85","2025/04/04 06:13:57 (美东)","限价单","当日有效","","盘前+盘中+盘后","","","美股","USD","","0.99","1","0.15","","","","","","","","2.14"
"买入","SBUX","星巴克","87.20","45","3,924.00","全部成交","45@87.05","2025/04/04 06:12:12 (美东)","限价单","当日有效","","盘前+盘中+盘后","","","美股","USD","","0.99","1","0.14","","","","","","","","2.13"
"买入","SBUX","星巴克","87.78","45","3,950.10","已撤单","0@0.00","2025/04/04 06:10:34 (美东)","限价单","当日有效","","盘前+盘中+盘后","","","美股","USD","","","","","","","","","","","",""
"买入","SBUX","星巴克","87.95","49","4,309.55","部成已撤","4@87.95","2025/04/04 05:53:57 (美东)","限价单","当日有效","","盘前+盘中+盘后","","","美股","USD","","0.99","1","0.01","","","","","","","","2"
"买入","SBUX","星巴克","88.00","40","3,520.00","已撤单","0@0.00","2025/04/04 05:27:20 (美东)","限价单","当日有效","","盘前+盘中+盘后","","","美股","USD","","","","","","","","","","","",""
"买入","SBUX","星巴克","87.97","50","4,398.50","已撤单","0@0.00","2025/04/04 05:07:55 (美东)","限价单","当日有效","","盘前+盘中+盘后","","","美股","USD","","","","","","","","","","","",""
"买入","GOOG","谷歌-C","151.60","50","7,580.00","全部成交","50@151.60","2025/04/04 04:49:52 (美东)","限价单","当日有效","","盘前+盘中+盘后","","","美股","USD","","0.99","1","0.15","","","","","","","","2.14"
"买入","SBUX","星巴克","87.79","49","4,301.71","已撤单","0@0.00","2025/04/04 01:22:57 (美东)","限价单","当日有效","","夜盘","","","美股","USD","","","","","","","","","","","",""
"买入","MU","美光科技","73.01","90","6,570.90","已撤单","0@0.00","2025/04/04 01:18:27 (美东)","限价单","当日有效","","夜盘","","","美股","USD","","","","","","","","","","","",""
"买入","SBUX","星巴克","87.80","49","4,302.20","已撤单","0@0.00","2025/04/04 01:09:11 (美东)","限价单","当日有效","","夜盘","","","美股","USD","","","","","","","","","","","",""
"买入","MU","美光科技","73.01","35","2,555.35","已撤单","0@0.00","2025/04/04 01:01:39 (美东)","限价单","当日有效","","夜盘","","","美股","USD","","","","","","","","","","","",""
"买入","SBUX","星巴克","87.91","50","4,395.50","全部成交","50@87.91","2025/04/04 01:01:07 (美东)","限价单","当日有效","","夜盘","","","美股","USD","","0.99","1","0.15","","","","","","","","2.14"
"买入","SBUX","星巴克","87.91","50","4,395.50","已撤单","0@0.00","2025/04/04 01:00:46 (美东)","限价单","当日有效","","盘前+盘中+盘后","","","美股","USD","","","","","","","","","","","",""
"买入","MU","美光科技","73.61","36","2,649.96","已撤单","0@0.00","2025/04/03 23:42:52 (美东)","限价单","当日有效","","全时段","","","美股","USD","","","","","","","","","","","",""
"买入","MU","美光科技","75.88","40","3,035.20","已撤单","0@0.00","2025/04/03 13:29:05 (美东)","限价单","当日有效","","盘前+盘中+盘后","","","美股","USD","","","","","","","","","","","",""
"买入","MU","美光科技","76.02","200","15,204.00","全部成交","200@76.02","2025/04/03 13:07:50 (美东)","限价单","当日有效","","盘前+盘中+盘后","","","美股","USD","","0.99","1","0.6","","","","","","","","2.59"
"买入","SBUX","星巴克","88.20","100","8,820.00","全部成交","100@88.20","2025/04/03 11:57:13 (美东)","限价单","当日有效","","盘前+盘中+盘后","","","美股","USD","","0.99","1","0.3","","","","","","","","2.29"
"买入","01519","极兔速递-W","5.28","2,000","10,560.00","已撤单","0@0.00","2025/04/03 09:43:23 (香港)","限价单","当日有效","允许","","","","港股","HKD","","","","","","","","","","","",""
"卖空","SBUX","星巴克","99.18","45","4,463.10","已撤单","0@0.00","2025/04/02 10:21:08 (美东)","限价单","当日有效","","盘前+盘中+盘后","","","美股","USD","","","","","","","","","","","",""
"买入","SBUX","星巴克","94.00","100","9,400.00","已撤单","0@0.00","2025/03/31 09:32:58 (美东)","限价单","当日有效","","盘前+盘中+盘后","","","美股","USD","","","","","","","","","","","",""
"卖空","SBUX","星巴克","99.80","40","3,992.00","已撤单","0@0.00","2025/03/27 12:21:48 (美东)","限价单","当日有效","","盘前+盘中+盘后","","","美股","USD","","","","","","","","","","","",""
"卖空","SBUX","星巴克","99.20","50","4,960.00","全部成交","50@99.20","2025/03/27 10:08:40 (美东)","限价单","当日有效","","盘前+盘中+盘后","","","美股","USD","","0.99","1","0.15","","","","","0.15","0.02","","2.31"
"卖空","SBUX","星巴克","98.25","50","4,912.50","全部成交","50@98.25","2025/03/26 10:33:48 (美东)","限价单","当日有效","","盘前+盘中+盘后","","","美股","USD","","0.99","1","0.15","","","","","0.14","0.01","","2.29"
"卖空","SBUX","星巴克","97.80","50","4,890.00","全部成交","50@97.80","2025/03/26 09:37:40 (美东)","限价单","当日有效","","盘前+盘中+盘后","","","美股","USD","","0.99","1","0.15","","","","","0.14","0.01","","2.29"
"买入","01519","极兔速递-W","5.48","6,000","32,880.00","全部成交","6,000@5.48","2025/03/25 10:28:59 (香港)","限价单","当日有效","允许","","","","港股","HKD","","9.86","15","2","33","1.86","0.89","0.05","","","","62.66"
"买入","SBUX","星巴克","96.50","50","4,825.00","全部成交","50@96.50","2025/03/24 10:30:18 (美东)","限价单","当日有效","","盘前+盘中+盘后","","","美股","USD","","0.99","1","0.15","","","","","","","","2.14"
"买入","SBUX","星巴克","96.60","50","4,830.00","全部成交","50@96.60","2025/03/24 10:10:10 (美东)","限价单","当日有效","","盘前+盘中+盘后","","","美股","USD","","0.99","1","0.15","","","","","","","","2.14"
"买入","SBUX","星巴克","96.80","50","4,840.00","已撤单","0@0.00","2025/03/24 10:08:58 (美东)","限价单","当日有效","","盘前+盘中+盘后","","","美股","USD","","","","","","","","","","","",""
"买入","SBUX","星巴克","97.95","96","9,403.20","全部成交","96@97.00","2025/03/24 10:07:19 (美东)","限价单","当日有效","","盘前+盘中+盘后","","","美股","USD","","0.99","1","0.29","","","","","","","","2.28"
"买入","01519","极兔速递-W","5.61","6,000","33,660.00","已撤单","0@0.00","2025/03/24 13:43:04 (香港)","限价单","当日有效","允许","","","","港股","HKD","","","","","","","","","","","",""
"买入","SBUX","星巴克","96.00","96","9,216.00","已撤单","0@0.00","2025/03/21 10:01:07 (美东)","限价单","当日有效","","盘前+盘中+盘后","","","美股","USD","","","","","","","","","","","",""
"买入","01519","极兔速递-W","5.76","5,000","28,800.00","已撤单","0@0.00","2025/03/14 10:29:59 (香港)","限价单","当日有效","允许","","","","港股","HKD","","","","","","","","","","","",""
"卖空","00981","中芯国际","54.60","1,000","54,600.00","已撤单","0@0.00","2025/03/12 09:55:08 (香港)","限价单","当日有效","允许","","","","港股","HKD","","","","","","","","","","","",""
"买入","XYZ","Block","53.10","100","5,310.00","已撤单","0@0.00","2025/03/10 15:00:09 (美东)","限价单","当日有效","","盘前+盘中+盘后","","","美股","USD","","","","","","","","","","","",""
"买入","SBUX","星巴克","116.95","5","584.75","全部成交","5@116.8757","2025/03/03 09:32:19 (美东)","限价单","当日有效","","盘中","","","美股","USD","系统平仓","0.99","1","0.02","","","","","","","","2.01"
"买入","SBUX","星巴克","116.35","8","930.80","全部成交","8@116.3194","2025/03/03 09:30:53 (美东)","限价单","当日有效","","盘中","","","美股","USD","系统平仓","0.99","1","0.02","","","","","","","","2.01"
"买入","SBUX","星巴克","116.01","4","464.04","全部成交","4@116.0098","2025/02/28 15:57:07 (美东)","限价单","当日有效","","盘中","","","美股","USD","系统平仓","0.99","1","0.01","","","","","","","","2"
"买入","SBUX","星巴克","115.59","31","3,583.29","全部成交","31@115.5873","2025/02/27 13:34:40 (美东)","限价单","当日有效","","盘中","","","美股","USD","系统平仓","0.99","1","0.09","","","","","","","","2.08"
"买入","SBUX","星巴克","112.89","4","451.56","全部成交","4@112.86","2025/02/24 09:43:14 (美东)","限价单","当日有效","","盘中","","","美股","USD","系统平仓","0.99","1","0.01","","","","","","","","2"
"买入","SBUX","星巴克","112.49","4","449.96","全部成交","4@112.485","2025/02/14 15:43:48 (美东)","限价单","当日有效","","盘中","","","美股","USD","系统平仓","0.99","1","0.01","","","","","","","","2"
"买入","SBUX","星巴克","112.09","13","1,457.17","全部成交","13@112.07","2025/02/07 15:05:41 (美东)","限价单","当日有效","","盘中","","","美股","USD","系统平仓","0.99","1","0.04","","","","","","","","2.03"
"买入","SBUX","星巴克","111.02","37","4,107.74","全部成交","37@111.0198","2025/02/04 15:54:20 (美东)","限价单","当日有效","","盘中","","","美股","USD","系统平仓","0.99","1","0.11","","","","","","","","2.1"
"买入","SBUX","星巴克","108.77","42","4,568.34","全部成交","42@108.7373","2025/01/29 13:26:35 (美东)","限价单","当日有效","","盘中","","","美股","USD","系统平仓","0.99","1","0.13","","","","","","","","2.12"
"买入","SBUX","星巴克","106.17","153","16,244.01","全部成交","153@106.0046","2025/01/29 09:32:11 (美东)","限价单","当日有效","","盘中","","","美股","USD","系统平仓","0.99","1","0.46","","","","","","","","2.45"
"买入","SBUX","星巴克","99.32","7","695.24","全部成交","7@99.2559","2025/01/27 09:37:37 (美东)","限价单","当日有效","","盘中","","","美股","USD","系统平仓","0.99","1","0.02","","","","","","","","2.01"
"买入","SBUX","星巴克","98.93","29","2,868.97","全部成交","29@98.9181","2025/01/24 15:06:22 (美东)","限价单","当日有效","","盘中","","","美股","USD","系统平仓","0.99","1","0.09","","","","","","","","2.08"
"买入","SBUX","星巴克","97.83","31","3,032.73","全部成交","31@97.80","2025/01/21 09:43:55 (美东)","限价单","当日有效","","盘中","","","美股","USD","系统平仓","0.99","1","0.09","","","","","","","","2.08"
"买入","SBUX","星巴克","96.72","36","3,481.92","全部成交","36@96.65","2025/01/21 09:32:18 (美东)","限价单","当日有效","","盘中","","","美股","USD","系统平仓","0.99","1","0.11","","","","","","","","2.1"
"卖空","SBUX","星巴克","88.66","130","11,525.80","全部成交","130@88.66","2024/12/24 10:22:14 (美东)","限价单","当日有效","","盘前+盘中+盘后","","","美股","USD","","0.99","1","0.39","","","","","0.32","0.02","","2.72"
"买入","SBUX","星巴克","103.29","23","2,375.67","全部成交","23@103.262","2024/11/25 09:31:02 (美东)","限价单","当日有效","","盘中","","","美股","USD","系统平仓","0.99","1","0.07","","","","","","","","2.06"
"买入","SBUX","星巴克","102.20","7","715.40","全部成交","7@102.1999","2024/11/22 15:43:21 (美东)","限价单","当日有效","","盘中","","","美股","USD","系统平仓","0.99","1","0.02","","","","","","","","2.01"
"买入","SBUX","星巴克","101.91","55","5,605.05","全部成交","55@101.8988","2024/11/22 15:01:21 (美东)","限价单","当日有效","","盘中","","","美股","USD","系统平仓","0.99","1","0.17","","","","","","","","2.16"
"买入","SBUX","星巴克","99.89","30","2,996.70","全部成交","30@99.7995","2024/11/11 09:33:32 (美东)","限价单","当日有效","","盘中","","","美股","USD","系统平仓","0.99","1","0.09","","","","","","","","2.08"
"买入","SBUX","星巴克","98.91","8","791.28","全部成交","8@98.89","2024/11/01 15:03:24 (美东)","限价单","当日有效","","盘中","","","美股","USD","系统平仓","0.99","1","0.02","","","","","","","","2.01"
"买入","SBUX","星巴克","98.81","7","691.67","全部成交","7@98.8075","2024/09/13 15:19:19 (美东)","限价单","当日有效","","盘中","","","美股","USD","系统平仓","0.99","1","0.02","","","","","","","","2.01"
"买入","SBUX","星巴克","98.48","30","2,954.40","全部成交","30@98.47867","2024/08/27 17:12:34 (美东)","限价单","当日有效","","盘前+盘中+盘后","","","美股","USD","","0.99","1","0.09","","","","","","","","2.08"
"买入","SBUX","星巴克","98.48","25","2,462.00","全部成交","25@98.47","2024/08/27 17:11:34 (美东)","限价单","当日有效","","盘前+盘中+盘后","","","美股","USD","","0.99","1","0.08","","","","","","","","2.07"
"卖空","SBUX","星巴克","90.40","35","3,164.00","全部成交","35@90.40","2024/08/13 09:20:03 (美东)","限价单","当日有效","","盘前+盘中+盘后","","","美股","USD","","0.99","1","0.11","","","","","0.09","0.01","","2.2"
"买入","NVDA","英伟达","113.03","40","4,521.20","全部成交","40@113.00","2024/08/13 09:19:10 (美东)","限价单","当日有效","","盘前+盘中+盘后","","","美股","USD","","0.99","1","0.12","","","","","","","","2.11"
"卖空","SBUX","星巴克","89.90","120","10,788.00","全部成交","120@89.90","2024/08/13 09:15:57 (美东)","限价单","当日有效","","盘前+盘中+盘后","","","美股","USD","","0.99","1","0.36","","","","","0.3","0.02","","2.67"
"买入","MU","美光科技","96.40","100","9,640.00","全部成交","100@96.35","2024/08/13 09:15:02 (美东)","限价单","当日有效","","盘前+盘中+盘后","","","美股","USD","","0.99","1","0.3","","","","","","","","2.29"
"卖空","SBUX","星巴克","89.60","50","4,480.00","全部成交","50@89.60","2024/08/13 09:10:56 (美东)","限价单","当日有效","","盘前+盘中+盘后","","","美股","USD","","0.99","1","0.16","","","","","0.12","0.04","","2.31"
"卖空","SBUX","星巴克","88.80","100","8,880.00","全部成交","100@88.80","2024/08/13 09:08:13 (美东)","限价单","当日有效","","盘前+盘中+盘后","","","美股","USD","","0.99","1","0.3","","","","","0.25","0.02","","2.56"
"卖空","NVDA","英伟达","113.00","20","2,260.00","全部成交","20@113.00","2024/08/13 08:37:18 (美东)","限价单","当日有效","","盘前+盘中+盘后","","","美股","USD","","0.99","1","0.06","","","","","0.06","0.01","","2.12"
"卖空","NVDA","英伟达","112.70","10","1,127.00","全部成交","10@112.70","2024/08/13 08:32:24 (美东)","限价单","当日有效","","盘前+盘中+盘后","","","美股","USD","","0.99","1","0.03","","","","","0.03","0.01","","2.06"
"卖空","SBUX","星巴克","88.20","100","8,820.00","全部成交","100@88.20","2024/08/13 08:21:54 (美东)","限价单","当日有效","","盘前+盘中+盘后","","","美股","USD","","0.99","1","0.3","","","","","0.25","0.02","","2.56"
"卖空","SBUX","星巴克","87.40","100","8,740.00","全部成交","100@87.40","2024/08/13 08:21:02 (美东)","限价单","当日有效","","盘前+盘中+盘后","","","美股","USD","","0.99","1","0.3","","","","","0.24","0.02","","2.55"
"卖空","SBUX","星巴克","86.80","100","8,680.00","全部成交","100@86.80","2024/08/13 08:20:28 (美东)","限价单","当日有效","","盘前+盘中+盘后","","","美股","USD","","0.99","1","0.3","","","","","0.24","0.02","","2.55"
"卖空","SBUX","星巴克","86.30","50","4,315.00","全部成交","50@86.30","2024/08/13 08:19:04 (美东)","限价单","当日有效","","盘前+盘中+盘后","","","美股","USD","","0.99","1","0.15","","","","","0.12","0.01","","2.27"
"卖空","SBUX","星巴克","85.30","50","4,265.00","全部成交","50@85.30","2024/08/13 08:13:32 (美东)","限价单","当日有效","","盘前+盘中+盘后","","","美股","USD","","0.99","1","0.15","","","","","0.12","0.01","","2.27"
"卖空","NVDA","英伟达","111.20","10","1,112.00","全部成交","10@111.20","2024/08/13 08:07:06 (美东)","限价单","当日有效","","盘前+盘中+盘后","","","美股","USD","","0.99","1","0.03","","","","","0.03","0.01","","2.06"
"卖出","NVDA","英伟达","111.18","5","555.90","全部成交","5@111.18","2024/08/13 08:06:52 (美东)","限价单","当日有效","","盘前+盘中+盘后","","","美股","USD","","0.99","1","0.02","","","","","0.02","0.01","","2.04"
"卖空","00981","中芯国际","17.20","1,000","17,200.00","已撤单","0@0.00","2024/08/13 11:50:22 (香港)","限价单","当日有效","允许","","","","港股","HKD","","","","","","","","","","","",""
"买入","MU","美光科技","94.30","100","9,430.00","全部成交","100@94.30","2024/08/12 14:17:36 (美东)","限价单","当日有效","","盘前+盘中+盘后","","","美股","USD","","0.99","1","0.3","","","","","","","","2.29"
"买入","MU","美光科技","96.80","200","19,360.00","已撤单","0@0.00","2024/08/12 13:43:35 (美东)","止损限价单","当日有效","","盘前+盘中+盘后","97.00","","美股","USD","","","","","","","","","","","",""
"卖空","MU","美光科技","95.28","100","9,528.00","已撤单","0@0.00","2024/08/12 13:24:19 (美东)","限价单","当日有效","","盘前+盘中+盘后","","","美股","USD","","","","","","","","","","","",""
"买入","SBUX","星巴克","76.70","50","3,835.00","全部成交","50@76.70","2024/08/12 13:06:08 (美东)","限价单","当日有效","","盘前+盘中+盘后","","","美股","USD","","0.99","1","0.15","","","","","","","","2.14"
"买入","MU","美光科技","94.50","100","9,450.00","已撤单","0@0.00","2024/08/12 13:00:25 (美东)","限价单","当日有效","","盘前+盘中+盘后","","","美股","USD","","","","","","","","","","","",""
"买入","SBUX","星巴克","76.80","25","1,920.00","已撤单","0@0.00","2024/08/12 12:58:02 (美东)","限价单","当日有效","","盘前+盘中+盘后","","","美股","USD","","","","","","","","","","","",""
"买入","MU","美光科技","94.50","100","9,450.00","已撤单","0@0.00","2024/08/12 12:57:32 (美东)","限价单","当日有效","","盘前+盘中+盘后","","","美股","USD","","","","","","","","","","","",""
"买入","MU","美光科技","95.00","100","9,500.00","全部成交","100@95.00","2024/08/12 12:51:03 (美东)","限价单","当日有效","","盘前+盘中+盘后","","","美股","USD","","0.99","1","0.3","","","","","","","","2.29"
"买入","SBUX","星巴克","76.80","25","1,920.00","已撤单","0@0.00","2024/08/12 12:37:27 (美东)","限价单","当日有效","","盘前+盘中+盘后","","","美股","USD","","","","","","","","","","","",""
"买入","SBUX","星巴克","77.35","50","3,867.50","已撤单","0@0.00","2024/08/12 12:32:55 (美东)","限价单","当日有效","","盘前+盘中+盘后","","","美股","USD","","","","","","","","","","","",""
"买入","SBUX","星巴克","77.40","50","3,870.00","全部成交","50@77.40","2024/08/12 12:28:21 (美东)","限价单","当日有效","","盘前+盘中+盘后","","","美股","USD","","0.99","1","0.15","","","","","","","","2.14"
"买入","SBUX","星巴克","77.40","100","7,740.00","已撤单","0@0.00","2024/08/12 11:36:12 (美东)","限价单","当日有效","","盘前+盘中+盘后","","","美股","USD","","","","","","","","","","","",""
"买入","MU","美光科技","94.80","100","9,480.00","全部成交","100@94.80","2024/08/12 11:35:52 (美东)","限价单","当日有效","","盘前+盘中+盘后","","","美股","USD","","0.99","1","0.3","","","","","","","","2.29"
"卖空","MU","美光科技","96.55","100","9,655.00","已撤单","0@0.00","2024/08/12 11:20:07 (美东)","限价单","当日有效","","盘前+盘中+盘后","","","美股","USD","","","","","","","","","","","",""
"卖空","MU","美光科技","96.40","100","9,640.00","全部成交","100@96.40","2024/08/12 11:18:15 (美东)","限价单","当日有效","","盘前+盘中+盘后","","","美股","USD","","0.99","1","0.3","","","","","0.27","0.02","","2.58"
"卖空","SBUX","星巴克","78.35","100","7,835.00","已撤单","0@0.00","2024/08/12 11:15:19 (美东)","限价单","当日有效","","盘前+盘中+盘后","","","美股","USD","","","","","","","","","","","",""
"卖空","MU","美光科技","96.25","100","9,625.00","全部成交","100@96.25","2024/08/12 11:11:26 (美东)","限价单","当日有效","","盘前+盘中+盘后","","","美股","USD","","0.99","1","0.3","","","","","0.27","0.02","","2.58"
"卖空","MU","美光科技","96.10","50","4,805.00","全部成交","50@96.10","2024/08/12 11:08:14 (美东)","限价单","当日有效","","盘前+盘中+盘后","","","美股","USD","","0.99","1","0.15","","","","","0.13","0.01","","2.28"
"买入","AMD","美国超微公司","137.40","10","1,374.00","全部成交","10@137.3496","2024/08/12 11:07:12 (美东)","限价单","当日有效","","盘前+盘中+盘后","","","美股","USD","","0.99","1","0.03","","","","","","","","2.02"
"卖空","MU","美光科技","95.90","50","4,795.00","全部成交","50@95.90","2024/08/12 11:04:16 (美东)","限价单","当日有效","","盘前+盘中+盘后","","","美股","USD","","0.99","1","0.15","","","","","0.13","0.01","","2.28"
"卖空","MU","美光科技","95.60","100","9,560.00","全部成交","100@95.60","2024/08/12 10:49:30 (美东)","限价单","当日有效","","盘前+盘中+盘后","","","美股","USD","","0.99","1","0.3","","","","","0.27","0.02","","2.58"
"卖空","SBUX","星巴克","78.10","100","7,810.00","全部成交","100@78.10","2024/08/12 10:43:33 (美东)","限价单","当日有效","","盘前+盘中+盘后","","","美股","USD","","0.99","1","0.3","","","","","0.22","0.02","","2.53"
"卖空","AVGO","博通","150.60","10","1,506.00","已撤单","0@0.00","2024/08/12 10:37:45 (美东)","限价单","当日有效","","盘前+盘中+盘后","","","美股","USD","","","","","","","","","","","",""
"卖空","AMD","美国超微公司","138.10","10","1,381.00","已撤单","0@0.00","2024/08/12 10:37:17 (美东)","限价单","当日有效","","盘前+盘中+盘后","","","美股","USD","","","","","","","","","","","",""
"卖空","AMD","美国超微公司","137.60","10","1,376.00","全部成交","10@137.60","2024/08/12 10:35:36 (美东)","限价单","当日有效","","盘前+盘中+盘后","","","美股","USD","","0.99","1","0.03","","","","","0.04","0.01","","2.07"
"卖空","AVGO","博通","150.68","10","1,506.80","已撤单","0@0.00","2024/08/12 10:34:33 (美东)","限价单","当日有效","","盘前+盘中+盘后","","","美股","USD","","","","","","","","","","","",""
"卖空","AMD","美国超微公司","137.70","10","1,377.00","已撤单","0@0.00","2024/08/12 10:27:56 (美东)","限价单","当日有效","","盘前+盘中+盘后","","","美股","USD","","","","","","","","","","","",""
"卖出","NVDA","英伟达","111.10","5","555.50","已撤单","0@0.00","2024/08/12 10:26:09 (美东)","限价单","当日有效","","盘前+盘中+盘后","","","美股","USD","","","","","","","","","","","",""
"卖出","NVDA","英伟达","110.80","5","554.00","全部成交","5@110.80","2024/08/12 10:23:15 (美东)","限价单","当日有效","","盘前+盘中+盘后","","","美股","USD","","0.99","1","0.02","","","","","0.02","0.01","","2.04"
"卖出","NVDA","英伟达","110.40","10","1,104.00","已撤单","0@0.00","2024/08/12 10:20:09 (美东)","限价单","当日有效","","盘前+盘中+盘后","","","美股","USD","","","","","","","","","","","",""
"卖出","NVDA","英伟达","110.40","5","552.00","已撤单","0@0.00","2024/08/12 10:16:44 (美东)","限价单","当日有效","","盘前+盘中+盘后","","","美股","USD","","","","","","","","","","","",""
"卖出","NVDA","英伟达","110.00","10","1,100.00","全部成交","10@110.00","2024/08/12 10:14:26 (美东)","限价单","当日有效","","盘前+盘中+盘后","","","美股","USD","","0.99","1","0.03","","","","","0.03","0.01","","2.06"
"卖出","NVDA","英伟达","109.40","10","1,094.00","全部成交","10@109.40","2024/08/12 10:09:31 (美东)","限价单","当日有效","","盘前+盘中+盘后","","","美股","USD","","0.99","1","0.03","","","","","0.03","0.01","","2.06"
"卖出","NVDA","英伟达","109.00","10","1,090.00","全部成交","10@109.00","2024/08/12 10:08:59 (美东)","限价单","当日有效","","盘前+盘中+盘后","","","美股","USD","","0.99","1","0.03","","","","","0.03","0.01","","2.06"
"卖出","SQ","Block","61.10","100","6,110.00","全部成交","100@61.10","2024/08/12 10:07:24 (美东)","限价单","当日有效","","盘前+盘中+盘后","","","美股","USD","","0.99","1","0.3","","","","","0.17","0.02","","2.48"
"买入","SQ","Block","60.50","100","6,050.00","全部成交","100@60.50","2024/08/12 09:54:56 (美东)","限价单","当日有效","","盘前+盘中+盘后","","","美股","USD","","0.99","1","0.3","","","","","","","","2.29"
"卖出","NVDA","英伟达","108.70","10","1,087.00","全部成交","10@108.70","2024/08/12 09:36:05 (美东)","限价单","当日有效","","盘前+盘中+盘后","","","美股","USD","","0.99","1","0.03","","","","","0.03","0.01","","2.06"
"买入","00762","中国联通","5.86","100,000","586,000.00","已撤单","0@0.00","2024/08/12 14:22:51 (香港)","限价单","当日有效","允许","","","","港股","HKD","","","","","","","","","","","",""
"买入","00762","中国联通","5.91","100,000","591,000.00","已撤单","0@0.00","2024/08/12 14:14:33 (香港)","限价单","当日有效","允许","","","","港股","HKD","","","","","","","","","","","",""
"买入","00762","中国联通","5.96","10,000","59,600.00","已撤单","0@0.00","2024/08/12 13:59:38 (香港)","限价单","当日有效","允许","","","","港股","HKD","","","","","","","","","","","",""
"买入","00762","中国联通","5.94","100,000","594,000.00","已撤单","0@0.00","2024/08/12 13:44:26 (香港)","限价单","当日有效","允许","","","","港股","HKD","","","","","","","","","","","",""
"卖空","AVGO","博通","149.90","10","1,499.00","已撤单","0@0.00","2024/08/09 15:20:20 (美东)","限价单","当日有效","","盘前+盘中+盘后","","","美股","USD","","","","","","","","","","","",""
"买入","NVDA","英伟达","103.80","20","2,076.00","已撤单","0@0.00","2024/08/09 10:31:53 (美东)","限价单","当日有效","","盘前+盘中+盘后","","","美股","USD","","","","","","","","","","","",""
"买入","NVDA","英伟达","104.30","15","1,564.50","全部成交","15@104.30","2024/08/09 10:29:13 (美东)","限价单","当日有效","","盘前+盘中+盘后","","","美股","USD","","0.99","1","0.05","","","","","","","","2.04"
"买入","NVDA","英伟达","103.50","10","1,035.00","全部成交","10@103.50","2024/08/09 09:57:39 (美东)","限价单","当日有效","","盘前+盘中+盘后","","","美股","USD","","0.99","1","0.03","","","","","","","","2.02"
"买入","AMD","美国超微公司","132.50","10","1,325.00","已撤单","0@0.00","2024/08/09 09:53:32 (美东)","限价单","当日有效","","盘前+盘中+盘后","","","美股","USD","","","","","","","","","","","",""
"卖出","NVDA","英伟达","106.80","10","1,068.00","已撤单","0@0.00","2024/08/09 09:40:25 (美东)","限价单","当日有效","","盘前+盘中+盘后","","","美股","USD","","","","","","","","","","","",""
"买入","AMD","美国超微公司","134.70","10","1,347.00","全部成交","10@134.70","2024/08/09 09:31:50 (美东)","限价单","当日有效","","盘前+盘中+盘后","","","美股","USD","","0.99","1","0.03","","","","","","","","2.02"
"买入","NVDA","英伟达","105.20","10","1,052.00","全部成交","10@105.20","2024/08/09 08:20:51 (美东)","限价单","当日有效","","盘前+盘中+盘后","","","美股","USD","","0.99","1","0.03","","","","","","","","2.02"
"买入","NVDA","英伟达","104.10","10","1,041.00","全部成交","10@104.10","2024/08/09 07:46:13 (美东)","限价单","当日有效","","盘前+盘中+盘后","","","美股","USD","","0.99","1","0.03","","","","","","","","2.02"
"卖空","AMD","美国超微公司","138.10","10","1,381.00","全部成交","10@138.10","2024/08/09 04:35:08 (美东)","限价单","当日有效","","盘前+盘中+盘后","","","美股","USD","","0.99","1","0.03","","","","","0.04","0.01","","2.07"
"卖出","NVDA","英伟达","106.40","20","2,128.00","全部成交","20@106.40","2024/08/09 04:06:27 (美东)","限价单","当日有效","","盘前+盘中+盘后","","","美股","USD","","0.99","1","0.06","","","","","0.06","0.01","","2.12"
"卖出","NVDA","英伟达","105.30","25","2,632.50","全部成交","25@105.30","2024/08/08 13:50:17 (美东)","限价单","当日有效","","盘前+盘中+盘后","","","美股","USD","","0.99","1","0.08","","","","","0.07","0.01","","2.15"
"卖出","NVDA","英伟达","104.90","150","15,735.00","全部成交","150@104.90","2024/08/08 13:33:29 (美东)","限价单","当日有效","","盘前+盘中+盘后","","","美股","USD","","0.99","1","0.45","","","","","0.44","0.02","","2.9"
"卖出","NVDA","英伟达","104.70","150","15,705.00","全部成交","150@104.70","2024/08/08 13:09:52 (美东)","限价单","当日有效","","盘前+盘中+盘后","","","美股","USD","","0.99","1","0.45","","","","","0.44","0.02","","2.9"
"卖出","NVDA","英伟达","104.40","225","23,490.00","全部成交","225@104.40","2024/08/08 11:18:31 (美东)","限价单","当日有效","","盘前+盘中+盘后","","","美股","USD","","1.1","1.13","0.68","","","","","0.65","0.04","","3.6"
"卖出","NVDA","英伟达","95.00","500","47,500.00","已撤单","0@0.00","2024/08/07 17:12:26 (美东)","止损限价单","撤单前有效","","盘中","95.00","","美股","USD","","","","","","","","","","","",""
"卖出","NVDA","英伟达","104.50","575","60,087.50","已撤单","0@0.00","2024/08/07 14:56:09 (美东)","限价单","当日有效","","盘前+盘中+盘后","","","美股","USD","","","","","","","","","","","",""
"卖出","NVDA","英伟达","104.40","75","7,830.00","已撤单","0@0.00","2024/08/07 12:25:33 (美东)","限价单","当日有效","","盘前+盘中+盘后","","","美股","USD","","","","","","","","","","","",""
"买入","NVDA","英伟达","102.90","30","3,087.00","全部成交","30@102.90","2024/08/07 12:05:32 (美东)","限价单","当日有效","","盘前+盘中+盘后","","","美股","USD","","0.99","1","0.09","","","","","","","","2.08"
"买入","AMD","美国超微公司","132.10","30","3,963.00","全部成交","30@132.10","2024/08/07 12:04:11 (美东)","限价单","当日有效","","盘前+盘中+盘后","","","美股","USD","","0.99","1","0.09","","","","","","","","2.08"
"买入","AMD","美国超微公司","132.80","30","3,984.00","已撤单","0@0.00","2024/08/07 11:48:42 (美东)","限价单","当日有效","","盘前+盘中+盘后","","","美股","USD","","","","","","","","","","","",""
"买入","NVDA","英伟达","103.60","145","15,022.00","全部成交","145@103.5897","2024/08/07 11:46:05 (美东)","限价单","当日有效","","盘前+盘中+盘后","","","美股","USD","","0.99","1","0.44","","","","","","","","2.43"
"买入","ASML","阿斯麦","863.00","5","4,315.00","全部成交","5@863.00","2024/08/07 11:45:36 (美东)","限价单","当日有效","","盘前+盘中+盘后","","","美股","USD","","0.99","1","0.02","","","","","","","","2.01"
"买入","NVDA","英伟达","104.01","400","41,604.00","全部成交","400@104.01","2024/08/07 11:43:54 (美东)","限价单","当日有效","","盘前+盘中+盘后","","","美股","USD","","1.96","2","1.2","","","","","","","","5.16"
"买入","XPEV","小鹏汽车","7.03","3,000","21,090.00","已撤单","0@0.00","2024/08/07 11:33:49 (美东)","限价单","当日有效","","盘前+盘中+盘后","","","美股","USD","","","","","","","","","","","",""
"买入","XPEV","小鹏汽车","7.01","5,000","35,050.00","已撤单","0@0.00","2024/08/07 11:21:25 (美东)","限价单","当日有效","","盘前+盘中+盘后","","","美股","USD","","","","","","","","","","","",""
"买入","XPEV","小鹏汽车","7.01","5,000","35,050.00","已撤单","0@0.00","2024/08/07 10:53:25 (美东)","限价单","当日有效","","盘前+盘中+盘后","","","美股","USD","","","","","","","","","","","",""
"卖空","ASML","阿斯麦","877.00","5","4,385.00","全部成交","5@877.00","2024/08/07 10:45:56 (美东)","限价单","当日有效","","盘前+盘中+盘后","","","美股","USD","","0.99","1","0.02","","","","","0.12","0.01","","2.14"
"买入","AMD","美国超微公司","134.00","20","2,680.00","已撤单","0@0.00","2024/08/07 10:00:32 (美东)","限价单","当日有效","","盘前+盘中+盘后","","","美股","USD","","","","","","","","","","","",""
"买入","AMD","美国超微公司","134.00","20","2,680.00","已撤单","0@0.00","2024/08/07 10:00:01 (美东)","限价单","当日有效","","盘前+盘中+盘后","","","美股","USD","","","","","","","","","","","",""
"卖空","AMD","美国超微公司","136.60","30","4,098.00","已撤单","0@0.00","2024/08/07 09:50:59 (美东)","限价单","当日有效","","盘前+盘中+盘后","","","美股","USD","","","","","","","","","","","",""
"买入","ASML","阿斯麦","870.00","20","17,400.00","全部成交","20@870.00","2024/08/07 09:41:43 (美东)","限价单","当日有效","","盘前+盘中+盘后","","","美股","USD","","0.99","1","0.06","","","","","","","","2.05"
"卖空","AMD","美国超微公司","135.50","30","4,065.00","全部成交","30@135.50","2024/08/07 09:40:53 (美东)","限价单","当日有效","","盘前+盘中+盘后","","","美股","USD","","0.99","1","0.09","","","","","0.11","0.01","","2.2"
"买入","DIS","迪士尼","86.20","50","4,310.00","已撤单","0@0.00","2024/08/07 09:39:31 (美东)","限价单","当日有效","","盘前+盘中+盘后","","","美股","USD","","","","","","","","","","","",""
"买入","DIS","迪士尼","85.80","50","4,290.00","已撤单","0@0.00","2024/08/07 09:39:07 (美东)","限价单","当日有效","","盘前+盘中+盘后","","","美股","USD","","","","","","","","","","","",""
"买入","DIS","迪士尼","85.70","400","34,280.00","已撤单","0@0.00","2024/08/07 09:35:09 (美东)","限价单","当日有效","","盘前+盘中+盘后","","","美股","USD","","","","","","","","","","","",""
"买入","DIS","迪士尼","85.50","400","34,200.00","已撤单","0@0.00","2024/08/07 09:31:11 (美东)","限价单","当日有效","","盘前+盘中+盘后","","","美股","USD","","","","","","","","","","","",""
"买入","DIS","迪士尼","86.70","400","34,680.00","已撤单","0@0.00","2024/08/07 08:42:00 (美东)","限价单","当日有效","","盘前+盘中+盘后","","","美股","USD","","","","","","","","","","","",""
"买入","ASML","阿斯麦","862.00","10","8,620.00","已撤单","0@0.00","2024/08/07 08:08:25 (美东)","限价单","当日有效","","盘前+盘中+盘后","","","美股","USD","","","","","","","","","","","",""
"卖空","AMD","美国超微公司","133.40","25","3,335.00","已撤单","0@0.00","2024/08/07 07:43:39 (美东)","限价单","当日有效","","盘前+盘中+盘后","","","美股","USD","","","","","","","","","","","",""
"卖空","AMD","美国超微公司","133.40","25","3,335.00","已撤单","0@0.00","2024/08/07 07:23:44 (美东)","限价单","当日有效","","盘前+盘中+盘后","","","美股","USD","","","","","","","","","","","",""
"买入","DIS","迪士尼","85.20","400","34,080.00","已撤单","0@0.00","2024/08/07 06:59:45 (美东)","限价单","当日有效","","盘前+盘中+盘后","","","美股","USD","","","","","","","","","","","",""
"卖空","ASML","阿斯麦","870.00","5","4,350.00","全部成交","5@870.00","2024/08/07 05:12:47 (美东)","限价单","当日有效","","盘前+盘中+盘后","","","美股","USD","","0.99","1","0.02","","","","","0.12","0.01","","2.14"
"卖空","ASML","阿斯麦","865.00","5","4,325.00","全部成交","5@865.00","2024/08/07 04:52:57 (美东)","限价单","当日有效","","盘前+盘中+盘后","","","美股","USD","","0.99","1","0.02","","","","","0.12","0.01","","2.14"
"买入","09868","小鹏汽车-W","27.45","100","2,745.00","已撤单","0@0.00","2024/08/07 15:47:08 (香港)","限价单","当日有效","允许","","","","港股","HKD","","","","","","","","","","","",""
"买入","09868","小鹏汽车-W","27.65","8,700","240,555.00","已撤单","0@0.00","2024/08/07 13:18:42 (香港)","限价单","当日有效","允许","","","","港股","HKD","","","","","","","","","","","",""
"买入","09868","小鹏汽车-W","27.50","8,800","242,000.00","已撤单","0@0.00","2024/08/07 13:03:00 (香港)","限价单","当日有效","允许","","","","港股","HKD","","","","","","","","","","","",""
"买入","09868","小鹏汽车-W","27.70","8,000","221,600.00","已撤单","0@0.00","2024/08/07 11:48:53 (香港)","限价单","当日有效","允许","","","","港股","HKD","","","","","","","","","","","",""
"买入","09868","小鹏汽车-W","27.60","500","13,800.00","已撤单","0@0.00","2024/08/07 11:42:52 (香港)","限价单","当日有效","允许","","","","港股","HKD","","","","","","","","","","","",""
"买入","09868","小鹏汽车-W","27.60","700","19,320.00","已撤单","0@0.00","2024/08/07 11:40:09 (香港)","限价单","当日有效","允许","","","","港股","HKD","","","","","","","","","","","",""
"买入","01211","比亚迪股份","208.00","2,500","520,000.00","已撤单","0@0.00","2024/08/07 10:19:30 (香港)","限价单","当日有效","允许","","","","港股","HKD","","","","","","","","","","","",""
"买入","01211","比亚迪股份","208.00","2,500","520,000.00","已撤单","0@0.00","2024/08/07 10:17:30 (香港)","限价单","当日有效","允许","","","","港股","HKD","","","","","","","","","","","",""
"买入","09868","小鹏汽车-W","27.60","500","13,800.00","已撤单","0@0.00","2024/08/07 10:10:15 (香港)","限价单","当日有效","允许","","","","港股","HKD","","","","","","","","","","","",""
"买入","01211","比亚迪股份","204.80","2,500","512,000.00","已撤单","0@0.00","2024/08/07 09:46:42 (香港)","限价单","当日有效","允许","","","","港股","HKD","","","","","","","","","","","",""
"买入","ASML","阿斯麦","842.00","46","38,732.00","全部成交","46@842.00","2024/08/06 13:25:32 (美东)","限价单","当日有效","","盘前+盘中+盘后","","","美股","USD","","0.99","1","0.14","","","","","","","","2.13"
"卖空","ASML","阿斯麦","855.20","5","4,276.00","全部成交","5@855.20","2024/08/06 10:48:57 (美东)","限价单","当日有效","","盘前+盘中+盘后","","","美股","USD","","0.99","1","0.02","","","","","0.12","0.01","","2.14"
"买入","AMD","美国超微公司","132.50","50","6,625.00","全部成交","50@132.50","2024/08/06 10:48:32 (美东)","限价单","当日有效","","盘前+盘中+盘后","","","美股","USD","","0.99","1","0.15","","","","","","","","2.14"
"卖空","ASML","阿斯麦","851.00","5","4,255.00","全部成交","5@851.00","2024/08/06 10:41:09 (美东)","限价单","当日有效","","盘前+盘中+盘后","","","美股","USD","","0.99","1","0.02","","","","","0.12","0.01","","2.14"
"买入","AMD","美国超微公司","132.50","50","6,625.00","全部成交","50@132.50","2024/08/06 10:39:55 (美东)","限价单","当日有效","","盘前+盘中+盘后","","","美股","USD","","0.99","1","0.15","","","","","","","","2.14"
"买入","AMD","美国超微公司","131.00","50","6,550.00","已撤单","0@0.00","2024/08/06 10:34:42 (美东)","限价单","当日有效","","盘前+盘中+盘后","","","美股","USD","","","","","","","","","","","",""
"买入","AMD","美国超微公司","131.70","50","6,585.00","已撤单","0@0.00","2024/08/06 10:32:56 (美东)","限价单","当日有效","","盘前+盘中+盘后","","","美股","USD","","","","","","","","","","","",""
"买入","AMD","美国超微公司","131.80","50","6,590.00","已撤单","0@0.00","2024/08/06 10:25:44 (美东)","限价单","当日有效","","盘前+盘中+盘后","","","美股","USD","","","","","","","","","","","",""
"买入","ASML","阿斯麦","830.00","26","21,580.00","已撤单","0@0.00","2024/08/06 10:20:35 (美东)","限价单","当日有效","","盘前+盘中+盘后","","","美股","USD","","","","","","","","","","","",""
"买入","AMD","美国超微公司","132.40","50","6,620.00","已撤单","0@0.00","2024/08/06 10:20:17 (美东)","限价单","当日有效","","盘前+盘中+盘后","","","美股","USD","","","","","","","","","","","",""
"卖空","AMD","美国超微公司","133.30","50","6,665.00","全部成交","50@133.30","2024/08/06 09:58:09 (美东)","限价单","当日有效","","盘前+盘中+盘后","","","美股","USD","","0.99","1","0.15","","","","","0.19","0.01","","2.34"
"买入","ASML","阿斯麦","835.00","16","13,360.00","已撤单","0@0.00","2024/08/06 09:43:17 (美东)","限价单","当日有效","","盘前+盘中+盘后","","","美股","USD","","","","","","","","","","","",""
"买入","ASML","阿斯麦","838.00","16","13,408.00","已撤单","0@0.00","2024/08/06 09:36:43 (美东)","限价单","当日有效","","盘前+盘中+盘后","","","美股","USD","","","","","","","","","","","",""
"买入","ASML","阿斯麦","840.00","26","21,840.00","已撤单","0@0.00","2024/08/06 09:35:12 (美东)","限价单","当日有效","","盘前+盘中+盘后","","","美股","USD","","","","","","","","","","","",""
"买入","AMD","美国超微公司","132.70","50","6,635.00","全部成交","50@132.70","2024/08/06 09:34:54 (美东)","限价单","当日有效","","盘前+盘中+盘后","","","美股","USD","","0.99","1","0.15","","","","","","","","2.14"
"买入","AMD","美国超微公司","132.80","50","6,640.00","已撤单","0@0.00","2024/08/06 09:34:21 (美东)","限价单","当日有效","","盘前+盘中+盘后","","","美股","USD","","","","","","","","","","","",""
"卖空","ASML","阿斯麦","849.00","6","5,094.00","全部成交","6@849.00","2024/08/06 09:32:59 (美东)","限价单","当日有效","","盘前+盘中+盘后","","","美股","USD","","0.99","1","0.02","","","","","0.14","0.01","","2.16"
"卖空","ASML","阿斯麦","846.80","40","33,872.00","全部成交","40@846.80","2024/08/06 09:31:52 (美东)","限价单","当日有效","","盘前+盘中+盘后","","","美股","USD","","0.99","1","0.12","","","","","0.94","0.01","","3.06"
"卖空","ASML","阿斯麦","842.80","40","33,712.00","已撤单","0@0.00","2024/08/06 08:56:01 (美东)","限价单","当日有效","","盘前+盘中+盘后","","","美股","USD","","","","","","","","","","","",""
"卖空","ASML","阿斯麦","841.80","40","33,672.00","已撤单","0@0.00","2024/08/06 08:53:12 (美东)","限价单","当日有效","","盘前+盘中+盘后","","","美股","USD","","","","","","","","","","","",""
"买入","AMD","美国超微公司","135.10","50","6,755.00","全部成交","50@135.10","2024/08/06 08:33:47 (美东)","限价单","当日有效","","盘前+盘中+盘后","","","美股","USD","","0.99","1","0.15","","","","","","","","2.14"
"卖空","ASML","阿斯麦","841.80","40","33,672.00","已撤单","0@0.00","2024/08/06 08:09:03 (美东)","限价单","当日有效","","盘前+盘中+盘后","","","美股","USD","","","","","","","","","","","",""
"卖空","ASML","阿斯麦","841.60","40","33,664.00","已撤单","0@0.00","2024/08/06 07:57:51 (美东)","限价单","当日有效","","盘前+盘中+盘后","","","美股","USD","","","","","","","","","","","",""
"买入","AMD","美国超微公司","133.80","50","6,690.00","已撤单","0@0.00","2024/08/06 05:32:37 (美东)","限价单","当日有效","","盘前+盘中+盘后","","","美股","USD","","","","","","","","","","","",""
"买入","AMD","美国超微公司","134.00","50","6,700.00","已撤单","0@0.00","2024/08/06 05:18:45 (美东)","限价单","当日有效","","盘前+盘中+盘后","","","美股","USD","","","","","","","","","","","",""
"买入","AMD","美国超微公司","134.80","50","6,740.00","全部成交","50@134.80","2024/08/06 05:16:58 (美东)","限价单","当日有效","","盘前+盘中+盘后","","","美股","USD","","0.99","1","0.15","","","","","","","","2.14"
"买入","AMD","美国超微公司","135.00","100","13,500.00","已撤单","0@0.00","2024/08/06 05:15:54 (美东)","限价单","当日有效","","盘前+盘中+盘后","","","美股","USD","","","","","","","","","","","",""
"买入","AMD","美国超微公司","135.80","100","13,580.00","已撤单","0@0.00","2024/08/06 05:04:56 (美东)","限价单","当日有效","","盘前+盘中+盘后","","","美股","USD","","","","","","","","","","","",""
"买入","AMD","美国超微公司","136.01","100","13,601.00","已撤单","0@0.00","2024/08/06 04:38:11 (美东)","限价单","当日有效","","盘前+盘中+盘后","","","美股","USD","","","","","","","","","","","",""
"买入","AMD","美国超微公司","136.00","100","13,600.00","已撤单","0@0.00","2024/08/06 04:20:38 (美东)","限价单","当日有效","","盘前+盘中+盘后","","","美股","USD","","","","","","","","","","","",""
"买入","AMD","美国超微公司","136.40","100","13,640.00","全部成交","100@136.40","2024/08/06 04:09:34 (美东)","限价单","当日有效","","盘前+盘中+盘后","","","美股","USD","","0.99","1","0.3","","","","","","","","2.29"
"买入","AMD","美国超微公司","136.80","100","13,680.00","全部成交","100@136.80","2024/08/06 03:22:14 (美东)","限价单","撤单前有效","","盘前+盘中+盘后","","","美股","USD","","0.99","1","0.3","","","","","","","","2.29"
"卖空","AMD","美国超微公司","138.12","100","13,812.00","全部成交","100@138.12","2024/08/05 19:57:40 (美东)","限价单","当日有效","","盘前+盘中+盘后","","","美股","USD","","0.99","1","0.3","","","","","0.38","0.03","","2.7"
"买入","AMD","美国超微公司","134.40","100","13,440.00","已撤单","0@0.00","2024/08/05 14:14:50 (美东)","限价单","当日有效","","盘前+盘中+盘后","","","美股","USD","","","","","","","","","","","",""
"买入","AMD","美国超微公司","134.70","122","16,433.40","全部成交","122@134.70","2024/08/05 14:10:13 (美东)","限价单","当日有效","","盘前+盘中+盘后","","","美股","USD","","0.99","1","0.37","","","","","","","","2.36"
"卖空","AMD","美国超微公司","139.10","22","3,060.20","全部成交","22@139.11","2024/08/05 12:28:59 (美东)","限价单","当日有效","","盘前+盘中+盘后","","","美股","USD","","0.99","1","0.07","","","","","0.09","0.01","","2.16"
"卖出","AMD","美国超微公司","139.20","19","2,644.80","下单失败","0@0.00","2024/08/05 12:28:53 (美东)","限价单","当日有效","","盘前+盘中+盘后","","","美股","USD","","","","","","","","","","","",""
"卖出","NVDA","英伟达","103.20","25","2,580.00","全部成交","25@103.20","2024/08/05 12:28:27 (美东)","限价单","当日有效","","盘前+盘中+盘后","","","美股","USD","","0.99","1","0.08","","","","","0.07","0.01","","2.15"
"卖空","AMD","美国超微公司","138.40","100","13,840.00","全部成交","100@138.40","2024/08/05 12:24:41 (美东)","限价单","当日有效","","盘前+盘中+盘后","","","美股","USD","","0.99","1","0.3","","","","","0.38","0.02","","2.69"
"卖空","AMD","美国超微公司","137.90","80","11,032.00","已撤单","0@0.00","2024/08/05 11:40:35 (美东)","限价单","当日有效","","盘前+盘中+盘后","","","美股","USD","","","","","","","","","","","",""
"卖空","AMD","美国超微公司","137.60","50","6,880.00","全部成交","50@137.60","2024/08/05 11:38:00 (美东)","限价单","当日有效","","盘前+盘中+盘后","","","美股","USD","","0.99","1","0.15","","","","","0.19","0.01","","2.34"
"卖出","NVDA","英伟达","102.00","15","1,530.00","已撤单","0@0.00","2024/08/05 11:18:24 (美东)","限价单","当日有效","","盘前+盘中+盘后","","","美股","USD","","","","","","","","","","","",""
"卖空","AMD","美国超微公司","136.50","50","6,825.00","全部成交","50@136.50","2024/08/05 11:17:12 (美东)","限价单","当日有效","","盘前+盘中+盘后","","","美股","USD","","0.99","1","0.15","","","","","0.19","0.01","","2.34"
"卖空","AMD","美国超微公司","136.30","50","6,815.00","已撤单","0@0.00","2024/08/05 11:15:34 (美东)","限价单","当日有效","","盘前+盘中+盘后","","","美股","USD","","","","","","","","","","","",""
"卖空","AMD","美国超微公司","136.00","40","5,440.00","全部成交","40@136.00","2024/08/05 11:12:45 (美东)","限价单","当日有效","","盘前+盘中+盘后","","","美股","USD","","0.99","1","0.12","","","","","0.15","0.01","","2.27"
"卖空","AMD","美国超微公司","136.40","40","5,456.00","已撤单","0@0.00","2024/08/05 11:12:00 (美东)","限价单","当日有效","","盘前+盘中+盘后","","","美股","USD","","","","","","","","","","","",""
"买入","AMD","美国超微公司","132.70","60","7,962.00","已撤单","0@0.00","2024/08/05 11:02:50 (美东)","限价单","当日有效","","盘前+盘中+盘后","","","美股","USD","","","","","","","","","","","",""
"卖空","AMD","美国超微公司","135.50","80","10,840.00","全部成交","80@135.50","2024/08/05 10:53:49 (美东)","限价单","当日有效","","盘前+盘中+盘后","","","美股","USD","","0.99","1","0.24","","","","","0.3","0.01","","2.54"
"卖空","AMD","美国超微公司","135.30","30","4,059.00","已撤单","0@0.00","2024/08/05 10:43:31 (美东)","限价单","当日有效","","盘前+盘中+盘后","","","美股","USD","","","","","","","","","","","",""
"买入","AMD","美国超微公司","130.50","30","3,915.00","已撤单","0@0.00","2024/08/05 10:27:22 (美东)","限价单","当日有效","","盘前+盘中+盘后","","","美股","USD","","","","","","","","","","","",""
"卖空","AMD","美国超微公司","134.70","20","2,694.00","全部成交","20@134.70","2024/08/05 10:20:17 (美东)","限价单","当日有效","","盘前+盘中+盘后","","","美股","USD","","0.99","1","0.06","","","","","0.07","0.01","","2.13"
"卖空","AMD","美国超微公司","134.40","20","2,688.00","全部成交","20@134.40","2024/08/05 10:18:54 (美东)","限价单","当日有效","","盘前+盘中+盘后","","","美股","USD","","0.99","1","0.06","","","","","0.07","0.01","","2.13"
"买入","NVDA","英伟达","95.00","25","2,375.00","已撤单","0@0.00","2024/08/05 10:10:47 (美东)","限价单","当日有效","","盘前+盘中+盘后","","","美股","USD","","","","","","","","","","","",""
"卖出","NVDA","英伟达","102.20","15","1,533.00","已撤单","0@0.00","2024/08/05 10:04:27 (美东)","限价单","当日有效","","盘前+盘中+盘后","","","美股","USD","","","","","","","","","","","",""
"卖空","AMD","美国超微公司","133.70","20","2,674.00","全部成交","20@133.70","2024/08/05 10:02:14 (美东)","限价单","当日有效","","盘前+盘中+盘后","","","美股","USD","","0.99","1","0.06","","","","","0.07","0.01","","2.13"
"卖空","AMD","美国超微公司","133.20","20","2,664.00","全部成交","20@133.20","2024/08/05 10:01:18 (美东)","限价单","当日有效","","盘前+盘中+盘后","","","美股","USD","","0.99","1","0.06","","","","","0.08","0.04","","2.17"
"卖出","NVDA","英伟达","101.00","25","2,525.00","全部成交","25@101.00","2024/08/05 10:00:29 (美东)","限价单","当日有效","","盘前+盘中+盘后","","","美股","USD","","0.99","1","0.08","","","","","0.07","0.01","","2.15"
"卖出","NVDA","英伟达","99.50","30","2,985.00","全部成交","30@99.50","2024/08/05 09:58:24 (美东)","限价单","当日有效","","盘前+盘中+盘后","","","美股","USD","","0.99","1","0.09","","","","","0.08","0.01","","2.17"
"卖空","AMD","美国超微公司","131.30","20","2,626.00","已撤单","0@0.00","2024/08/05 09:52:53 (美东)","限价单","当日有效","","盘前+盘中+盘后","","","美股","USD","","","","","","","","","","","",""
"卖出","NVDA","英伟达","100.50","30","3,015.00","已撤单","0@0.00","2024/08/05 09:49:43 (美东)","限价单","当日有效","","盘前+盘中+盘后","","","美股","USD","","","","","","","","","","","",""
"卖出","NVDA","英伟达","99.30","20","1,986.00","全部成交","20@99.30","2024/08/05 09:48:11 (美东)","限价单","当日有效","","盘前+盘中+盘后","","","美股","USD","","0.99","1","0.06","","","","","0.06","0.01","","2.12"
"卖出","NVDA","英伟达","99.30","50","4,965.00","已撤单","0@0.00","2024/08/05 09:47:25 (美东)","限价单","当日有效","","盘前+盘中+盘后","","","美股","USD","","","","","","","","","","","",""
"卖出","NVDA","英伟达","98.30","50","4,915.00","全部成交","50@98.30","2024/08/05 09:46:07 (美东)","限价单","当日有效","","盘前+盘中+盘后","","","美股","USD","","0.99","1","0.15","","","","","0.14","0.01","","2.29"
"卖出","NVDA","英伟达","97.50","50","4,875.00","全部成交","50@97.50","2024/08/05 09:39:49 (美东)","限价单","当日有效","","盘前+盘中+盘后","","","美股","USD","","0.99","1","0.15","","","","","0.14","0.01","","2.29"
"卖出","NVDA","英伟达","96.80","100","9,680.00","全部成交","100@96.80","2024/08/05 09:38:55 (美东)","限价单","当日有效","","盘前+盘中+盘后","","","美股","USD","","0.99","1","0.3","","","","","0.27","0.02","","2.58"
"卖出","NVDA","英伟达","96.40","150","14,460.00","全部成交","150@96.40","2024/08/05 09:37:32 (美东)","限价单","当日有效","","盘前+盘中+盘后","","","美股","USD","","0.99","1","0.45","","","","","0.4","0.03","","2.87"
"卖出","NVDA","英伟达","95.80","115","11,017.00","全部成交","115@95.80","2024/08/05 09:09:23 (美东)","限价单","当日有效","","盘前+盘中+盘后","","","美股","USD","","0.99","1","0.35","","","","","0.31","0.03","","2.68"
"卖出","NVDA","英伟达","95.40","115","10,971.00","已撤单","0@0.00","2024/08/05 09:05:20 (美东)","限价单","当日有效","","盘前+盘中+盘后","","","美股","USD","","","","","","","","","","","",""
"买入","NVDA","英伟达","93.70","15","1,405.50","全部成交","15@93.70","2024/08/05 08:03:35 (美东)","限价单","当日有效","","盘前+盘中+盘后","","","美股","USD","","0.99","1","0.05","","","","","","","","2.04"
"买入","NVDA","英伟达","92.70","10","927.00","已撤单","0@0.00","2024/08/05 07:57:32 (美东)","限价单","当日有效","","盘前+盘中+盘后","","","美股","USD","","","","","","","","","","","",""
"卖出","AMZN","亚马逊","156.65","15","2,349.75","全部成交","15@156.67","2024/08/05 07:56:43 (美东)","限价单","当日有效","","盘前+盘中+盘后","","","美股","USD","","0.99","1","0.05","","","","","0.07","0.01","","2.12"
"买入","AMZN","亚马逊","158.02","15","2,370.30","全部成交","15@158.02","2024/08/05 07:40:55 (美东)","限价单","当日有效","","盘前+盘中+盘后","","","美股","USD","","0.99","1","0.05","","","","","","","","2.04"
"买入","NVDA","英伟达","93.70","20","1,874.00","已撤单","0@0.00","2024/08/05 07:40:03 (美东)","限价单","当日有效","","盘前+盘中+盘后","","","美股","USD","","","","","","","","","","","",""
"买入","NVDA","英伟达","94.10","100","9,410.00","全部成交","100@94.10","2024/08/05 07:38:58 (美东)","限价单","当日有效","","盘前+盘中+盘后","","","美股","USD","","0.99","1","0.3","","","","","","","","2.29"
"买入","AMZN","亚马逊","158.30","80","12,664.00","已撤单","0@0.00","2024/08/05 07:31:48 (美东)","限价单","当日有效","","盘前+盘中+盘后","","","美股","USD","","","","","","","","","","","",""
"卖出","AMZN","亚马逊","161.30","80","12,904.00","全部成交","80@161.30","2024/08/05 06:53:01 (美东)","限价单","当日有效","","盘前+盘中+盘后","","","美股","USD","","0.99","1","0.24","","","","","0.35","0.04","","2.62"
"买入","AMZN","亚马逊","159.58","80","12,766.40","全部成交","80@159.58","2024/08/05 06:26:07 (美东)","限价单","当日有效","","盘前+盘中+盘后","","","美股","USD","","0.99","1","0.24","","","","","","","","2.23"
"买入","PYPL","PayPal","58.35","190","11,086.50","已撤单","0@0.00","2024/08/05 06:23:46 (美东)","限价单","当日有效","","盘前+盘中+盘后","","","美股","USD","","","","","","","","","","","",""
"买入","AMZN","亚马逊","159.60","80","12,768.00","已撤单","0@0.00","2024/08/05 06:20:40 (美东)","限价单","当日有效","","盘前+盘中+盘后","","","美股","USD","","","","","","","","","","","",""
"卖出","PYPL","PayPal","58.90","180","10,602.00","全部成交","180@58.90","2024/08/05 06:02:21 (美东)","限价单","当日有效","","盘前+盘中+盘后","","","美股","USD","","0.99","1","0.54","","","","","0.29","0.03","","2.85"
"买入","PYPL","PayPal","58.50","180","10,530.00","全部成交","180@58.50","2024/08/05 05:48:57 (美东)","限价单","当日有效","","盘前+盘中+盘后","","","美股","USD","","0.99","1","0.54","","","","","","","","2.53"
"买入","GOOG","谷歌-C","158.40","80","12,672.00","已撤单","0@0.00","2024/08/05 05:45:21 (美东)","限价单","当日有效","","盘前+盘中+盘后","","","美股","USD","","","","","","","","","","","",""
"买入","GOOG","谷歌-C","158.80","80","12,704.00","已撤单","0@0.00","2024/08/05 05:44:01 (美东)","限价单","当日有效","","盘前+盘中+盘后","","","美股","USD","","","","","","","","","","","",""
"卖出","GOOG","谷歌-C","159.86","80","12,788.80","全部成交","80@159.86","2024/08/05 05:39:00 (美东)","限价单","当日有效","","盘前+盘中+盘后","","","美股","USD","","0.99","1","0.24","","","","","0.36","0.01","","2.6"
"买入","GOOG","谷歌-C","159.80","80","12,784.00","全部成交","80@159.80","2024/08/05 05:06:12 (美东)","限价单","当日有效","","盘前+盘中+盘后","","","美股","USD","","0.99","1","0.24","","","","","","","","2.23"
"买入","GOOG","谷歌-C","160.00","80","12,800.00","已撤单","0@0.00","2024/08/05 04:57:11 (美东)","限价单","当日有效","","盘前+盘中+盘后","","","美股","USD","","","","","","","","","","","",""
"买入","PYPL","PayPal","58.70","200","11,740.00","已撤单","0@0.00","2024/08/05 04:38:36 (美东)","限价单","当日有效","","盘前+盘中+盘后","","","美股","USD","","","","","","","","","","","",""
"买入","GOOG","谷歌-C","160.50","90","14,445.00","已撤单","0@0.00","2024/08/05 04:35:39 (美东)","限价单","当日有效","","盘前+盘中+盘后","","","美股","USD","","","","","","","","","","","",""
"买入","GOOG","谷歌-C","160.00","90","14,400.00","已撤单","0@0.00","2024/08/05 04:28:47 (美东)","限价单","当日有效","","盘前+盘中+盘后","","","美股","USD","","","","","","","","","","","",""
"买入","GOOG","谷歌-C","160.00","90","14,400.00","已撤单","0@0.00","2024/08/05 04:21:34 (美东)","限价单","当日有效","","盘前+盘中+盘后","","","美股","USD","","","","","","","","","","","",""
"买入","GOOG","谷歌-C","161.30","90","14,517.00","已撤单","0@0.00","2024/08/05 04:20:57 (美东)","限价单","当日有效","","盘前+盘中+盘后","","","美股","USD","","","","","","","","","","","",""
"买入","GOOG","谷歌-C","161.50","90","14,535.00","已撤单","0@0.00","2024/08/05 04:18:52 (美东)","限价单","当日有效","","盘前+盘中+盘后","","","美股","USD","","","","","","","","","","","",""
"买入","PYPL","PayPal","58.00","200","11,600.00","已撤单","0@0.00","2024/08/05 04:17:17 (美东)","限价单","当日有效","","盘前+盘中+盘后","","","美股","USD","","","","","","","","","","","",""
"卖出","NVDA","英伟达","101.80","150","15,270.00","已撤单","0@0.00","2024/08/05 04:10:11 (美东)","限价单","当日有效","","盘前+盘中+盘后","","","美股","USD","","","","","","","","","","","",""
"卖出","NVDA","英伟达","101.80","50","5,090.00","已撤单","0@0.00","2024/08/05 04:09:58 (美东)","限价单","当日有效","","盘前+盘中+盘后","","","美股","USD","","","","","","","","","","","",""
"卖出","NVDA","英伟达","101.40","50","5,070.00","全部成交","50@101.40","2024/08/05 04:09:08 (美东)","限价单","当日有效","","盘前+盘中+盘后","","","美股","USD","","0.99","1","0.15","","","","","0.14","0.01","","2.29"
"卖出","NVDA","英伟达","100.50","55","5,527.50","全部成交","55@100.50","2024/08/05 04:06:32 (美东)","限价单","当日有效","","盘前+盘中+盘后","","","美股","USD","","0.99","1","0.17","","","","","0.15","0.01","","2.32"
"卖出","NVDA","英伟达","100.00","55","5,500.00","已撤单","0@0.00","2024/08/05 04:04:55 (美东)","限价单","当日有效","","盘前+盘中+盘后","","","美股","USD","","","","","","","","","","","",""
"卖出","NVDA","英伟达","100.00","155","15,500.00","已撤单","0@0.00","2024/08/05 04:04:32 (美东)","限价单","当日有效","","盘前+盘中+盘后","","","美股","USD","","","","","","","","","","","",""
"买入","NVDA","英伟达","94.80","124","11,755.20","全部成交","124@94.80","2024/08/05 01:40:47 (美东)","限价单","当日有效","","夜盘","","","美股","USD","","0.99","1","0.37","","","","","","","","2.36"
"卖出","01519","极兔速递-W","5.91","10,000","59,100.00","全部成交","10,000@5.91","2024/08/05 13:40:22 (香港)","限价单","当日有效","允许","","","","港股","HKD","","17.73","15","2","60","3.34","1.6","0.09","","","","99.76"
"买入","NVDA","英伟达","95.12","21","1,997.52","全部成交","21@95.12","2024/08/05 01:33:53 (美东)","限价单","当日有效","","夜盘","","","美股","USD","","0.99","1","0.06","","","","","","","","2.05"
"买入","01519","极兔速递-W","5.98","2,000","11,960.00","全部成交","2,000@5.98","2024/08/05 13:10:23 (香港)","限价单","当日有效","允许","","","","港股","HKD","","3.59","15","2","12","0.68","0.32","0.02","","","","33.61"
"买入","NVDA","英伟达","95.01","48","4,560.48","已撤单","0@0.00","2024/08/05 01:05:26 (美东)","限价单","当日有效","","夜盘","","","美股","USD","","","","","","","","","","","",""
"买入","NVDA","英伟达","95.60","60","5,736.00","全部成交","60@95.60","2024/08/05 01:03:29 (美东)","限价单","当日有效","","夜盘","","","美股","USD","","0.99","1","0.18","","","","","","","","2.17"
"买入","NVDA","英伟达","96.70","50","4,835.00","全部成交","50@95.90","2024/08/05 01:02:41 (美东)","限价单","当日有效","","夜盘","","","美股","USD","","0.99","1","0.15","","","","","","","","2.14"
"买入","AVGO","博通","130.03","10","1,300.30","全部成交","10@130.03","2024/08/05 00:54:51 (美东)","限价单","当日有效","","夜盘","","","美股","USD","","0.99","1","0.03","","","","","","","","2.02"
"买入","NVDA","英伟达","96.01","100","9,601.00","全部成交","100@96.01","2024/08/05 00:50:28 (美东)","限价单","当日有效","","夜盘","","","美股","USD","","0.99","1","0.3","","","","","","","","2.29"
"买入","NVDA","英伟达","96.01","100","9,601.00","已撤单","0@0.00","2024/08/05 00:50:20 (美东)","限价单","当日有效","","盘前+盘中+盘后","","","美股","USD","","","","","","","","","","","",""
"买入","NVDA","英伟达","96.55","25","2,413.75","全部成交","25@96.55","2024/08/05 00:45:46 (美东)","限价单","当日有效","","夜盘","","","美股","USD","","0.99","1","0.08","","","","","","","","2.07"
"买入","NVDA","英伟达","96.55","25","2,413.75","已撤单","0@0.00","2024/08/05 00:45:43 (美东)","限价单","当日有效","","盘前+盘中+盘后","","","美股","USD","","","","","","","","","","","",""
"买入","NVDA","英伟达","96.68","25","2,417.00","全部成交","25@96.68","2024/08/05 00:44:03 (美东)","限价单","当日有效","","夜盘","","","美股","USD","","0.99","1","0.07","","","","","","","","2.06"
"买入","NVDA","英伟达","97.01","70","6,790.70","全部成交","70@97.01","2024/08/05 00:13:40 (美东)","限价单","当日有效","","夜盘","","","美股","USD","","0.99","1","0.21","","","","","","","","2.2"
"买入","NVDA","英伟达","97.45","15","1,461.75","全部成交","15@97.45","2024/08/05 00:11:55 (美东)","限价单","当日有效","","夜盘","","","美股","USD","","0.99","1","0.05","","","","","","","","2.04"
"买入","NVDA","英伟达","97.55","15","1,463.25","已撤单","0@0.00","2024/08/04 23:56:38 (美东)","限价单","当日有效","","夜盘","","","美股","USD","","","","","","","","","","","",""
"买入","NVDA","英伟达","97.60","15","1,464.00","全部成交","15@97.60","2024/08/04 23:53:15 (美东)","限价单","当日有效","","夜盘","","","美股","USD","","0.99","1","0.05","","","","","","","","2.04"
"买入","NVDA","英伟达","97.80","15","1,467.00","已撤单","0@0.00","2024/08/04 23:53:03 (美东)","限价单","当日有效","","夜盘","","","美股","USD","","","","","","","","","","","",""
"买入","NVDA","英伟达","98.01","20","1,960.20","全部成交","20@98.01","2024/08/04 23:42:36 (美东)","限价单","当日有效","","夜盘","","","美股","USD","","0.99","1","0.06","","","","","","","","2.05"
"买入","NVDA","英伟达","98.28","10","982.80","全部成交","10@98.28","2024/08/04 23:42:02 (美东)","限价单","当日有效","","夜盘","","","美股","USD","","0.99","1","0.03","","","","","","","","2.02"
"买入","NVDA","英伟达","98.50","10","985.00","全部成交","10@98.50","2024/08/04 23:39:34 (美东)","限价单","当日有效","","夜盘","","","美股","USD","","0.99","1","0.03","","","","","","","","2.02"
"买入","NVDA","英伟达","98.80","10","988.00","全部成交","10@98.80","2024/08/04 23:31:23 (美东)","限价单","当日有效","","夜盘","","","美股","USD","","0.99","1","0.03","","","","","","","","2.02"
"买入","01519","极兔速递-W","5.94","2,000","11,880.00","已撤单","0@0.00","2024/08/05 11:17:47 (香港)","限价单","当日有效","允许","","","","港股","HKD","","","","","","","","","","","",""
"买入","01519","极兔速递-W","5.88","2,000","11,760.00","已撤单","0@0.00","2024/08/05 10:20:01 (香港)","限价单","当日有效","允许","","","","港股","HKD","","","","","","","","","","","",""